Temperature,Specific conductance,Dissolved oxygen,pH,Turbidity,Chlorophyll
15.2,211,10.7,9,6.7,6.5
15.1,211,10.7,9,5.2,5.9
15.1,211,10.6,9,6.7,4.7
15.1,211,10.6,9,1.6,5.9
15.1,211,10.6,9,4.1,9.5
15,212,10.6,9,6.8,10
15,212,10.6,9,4.5,5.5
15.1,211,10.7,9,8.4,8.1
15.3,211,10.8,9,10.5,13.3
15.5,211,10.9,9,5.4,5.8
15.8,211,11,9,6.1,4.4
15.8,211,11.2,9,4.7,3.7
15.4,211,11.3,9,5.7,3.4
16.4,212,11,9,7.3,3.3
17.4,212,11,9,9.4,3.5
16.7,212,11.2,9,6.8,4.9
16.8,211,11.3,9,8.4,4.2
17.2,212,11.3,9,8.4,4.8
16.7,211,11.4,9,9.3,6.2
16.7,211,11.4,9,8.4,5.8
16.7,211,11.3,9,7.7,6.5
16.7,212,11.2,9,12.4,7.2
16.6,212,11.2,9,9.9,3.2
16.5,212,11.1,9,38.7,7.9
16.4,212,11.1,9,10.5,5
16.3,212,11,9,6.2,6.2
16.3,212,11,9,9.1,9.9
16.2,212,10.9,9,14.6,5.7
16.1,212,10.9,9,8.6,8.8
16,212,10.9,9,4,5.6
16,212,11,9,2.6,5.9
16,212,11,9,3.8,4.7
16,212,11.1,9,6.6,5.7
16.1,212,11.2,9,3.5,6
16.2,212,11.2,9,4.8,3.8
16.3,212,11,9,3.5,3.5
16.4,212,10.8,9,5.4,4
15.5,212,10.9,9,2.3,4.2
16.4,212,11.3,9,8.5,5.7
16.1,212,11.2,9,4.5,4.2
16.1,212,11.2,9,7.7,7
15.9,212,11.2,9,3.7,4.2
15.7,212,11.1,9,3.8,4.6
15.6,212,10.9,9,4.8,4.6
15.6,212,11,9,8.9,7.2
15.3,212,10.8,9,9,6.1
15.1,212,10.5,8.9,2.1,4
15.2,212,10.6,8.9,2.6,4.9
15.2,212,10.6,9,1.7,3.3
15.2,212,10.6,8.9,2.3,4.9
15.2,212,10.6,9,3.1,4.2
15.3,212,10.6,9,3.1,4.6
15.2,212,10.6,9,2.7,4.3
15.2,212,10.6,9,3.1,4.8
15.2,212,10.6,9,3.6,4.5
15.2,212,10.6,9,3.4,4.1
15.2,212,10.6,9,3,3.8
15.3,212,10.6,9,2.9,4.1
15.4,212,10.6,9,2.8,2.8
15.4,212,10.6,8.9,2.8,3.1
15.4,213,10.5,8.9,3.2,2.6
15.5,213,10.5,8.9,3.1,3
15.6,213,10.6,8.9,3.1,3.3
15.7,213,10.6,8.9,3.3,3.3
15.8,213,10.6,8.9,3.7,3.5
15.7,213,10.6,8.9,3,5.8
15.7,213,10.6,8.9,3.4,3.6
15.7,213,10.6,8.9,4.1,4.9
15.7,213,10.6,8.9,4.4,5.3
15.7,213,10.5,8.9,4.9,4.8
15.6,213,10.5,8.9,3.3,5.2
15.7,213,10.5,8.9,2.8,6.7
15.6,213,10.5,8.9,3.7,5.1
15.6,213,10.5,8.9,3.5,7
15.6,213,10.4,8.9,2,8.3
15.5,213,10.4,8.9,4.5,6.1
15.5,213,10.4,8.9,5.8,6.2
15.4,213,10.4,8.9,3.2,7.9
15.4,213,10.4,8.9,4.2,6.4
15.4,213,10.4,8.9,2.5,7.3
15.6,213,10.6,8.9,4.7,5.8
15.8,213,10.6,8.9,3.4,5.4
16,213,10.7,9,4.1,4.5
16.1,213,10.8,9,5.2,3.6
16.4,213,10.8,9,4.5,3.2
16.3,213,11.1,9,6.3,3.6
16.4,213,11.3,9,9.2,4.3
16,212,11.4,9,7.6,5.4
16.2,212,11.3,9,6.3,4.7
16.2,212,11.6,9,8.6,7
16.9,212,11.8,9.1,11.8,7.8
17.4,213,11.9,9.1,13.3,11
17.5,213,11.8,9.1,14.7,9.9
17.5,213,11.9,9.1,21.2,11.9
17.4,213,11.8,9.1,14.8,12.2
17.4,213,11.8,9.1,18.6,10.4
17.3,213,11.6,9.1,15.3,20.4
17.2,213,11.5,9.1,13.5,12.8
17.1,213,11.4,9.1,16.6,17.3
16.9,213,11.4,9.1,17.2,10.2
16.8,213,11.3,9.1,16.4,14.6
16.7,213,11.2,9,23.5,39.6
16.7,213,11.3,9,14.2,9.1
16.7,213,11.4,9,14.5,9.4
16.8,213,11.9,9.1,11.9,11.7
16.8,213,12,9.1,52.4,13.8
17.3,213,11.8,9.1,13.7,12
17,214,11.6,9.1,5.2,5.7
16,212,11.5,9,2.1,4.5
15.6,214,10.2,8.9,1,3.5
15.5,213,10.3,8.9,1.1,4.8
16,214,10.4,8.9,2,4.4
16.3,213,10.8,9,3.6,5.1
17.4,213,11.9,9.1,10.5,10.5
17.8,213,12.3,9.1,17.9,16.3
17.8,213,12.3,9.1,12.6,12
17.8,213,12.2,9.1,22.2,9.9
17.8,213,12.1,9.1,16.6,14.8
17.7,213,11.9,9.1,18,12.1
17.6,213,11.6,9.1,40.1,21.8
17.7,213,11.6,9.1,46.2,14.9
17.6,213,11.4,9.1,22.3,18.4
17.5,213,11.3,9.1,14.1,19.4
17.4,213,11.2,9,14.1,10.8
17.4,213,11.1,9,9.1,18.3
17.3,214,10.9,9,14.7,15.6
17.2,214,11,9,16.4,10.1
17.2,213,11.1,9,10.3,12.2
17.2,213,11.3,9.1,4.4,12.6
17.3,213,11.2,9,6.4,11.4
17.3,213,11.2,9,6,8.6
17.4,213,11.4,9.1,3.9,7
17.3,213,11.1,9,4.8,7.4
17.4,213,11.3,9.1,2.2,8
16.7,214,11,9,1,4.5
17,214,11,9,2.7,5.5
16.6,214,11,9,2.6,3.6
17.4,214,11,9,2.1,5.1
17.1,213,11.6,9.1,12.6,5.1
17,213,11.5,9.1,1.4,3.5
17.3,213,11.5,9.1,7.2,9.2
17.2,213,11.6,9.1,3.7,5.8
17.5,213,11.3,9.1,7,5.8
17.6,213,11.3,9.1,10,6.6
17.6,214,11.2,9.1,9.5,8
17.6,213,11.5,9.1,13.1,15.1
17.5,213,11.4,9.1,19.3,12.2
17.5,213,11.3,9.1,12.9,9.8
17.4,213,11.2,9.1,12.4,10.8
17.4,214,11.1,9,31.3,10.6
17.3,214,11.1,9,6.9,12.5
17.3,214,11.2,9.1,5.7,10.1
17.4,213,11.4,9.1,8.3,12.8
17.4,213,11.4,9.1,11.8,8.6
17.4,213,11.2,9,9.1,5.7
17.4,214,11.2,9.1,9.5,6.6
17.6,213,11.4,9.1,6.4,8.9
17.5,213,11.3,9.1,5,4
17.6,214,11.4,9.1,3.5,5.2
17.6,213,11.2,9,3.8,6.2
17.4,213,11.1,9,3.3,4.6
17.7,213,11.4,9.1,7.1,8.3
17.9,214,11.5,9.1,15.5,12.4
17.8,214,11.4,9.1,7,16.4
17.7,214,11.3,9.1,8.9,8.7
17.6,214,11.2,9.1,8.1,6.9
17.6,214,11.2,9.1,6.4,15.8
17.6,214,11.1,9.1,8.7,10.9
17.5,214,11,9.1,7.6,12.3
17.4,214,10.9,9,9.2,16.2
17.4,214,10.9,9,10.4,9.8
17.4,214,10.8,9,8.2,10.3
17.3,214,10.7,9,11.1,12.9
17.3,214,10.7,9,8,13.2
17.3,214,10.6,9,4.6,11.1
17.3,214,10.7,9,5,10.5
17.5,214,11,9,8.1,12.4
17.7,214,11.1,9.1,7.8,8.9
18.1,214,11.1,9,4.8,7.4
18.2,214,11.1,9.1,3.2,11.1
17.7,214,11,9.1,6.8,9.4
18.2,214,10.9,9,6.3,9.4
18.4,214,11,9,12.1,5.7
19.3,214,11.2,9.1,6.4,5.2
18.6,214,11.4,9.1,5.1,18.5
18.3,214,11.2,9.1,10.4,10.6
18.5,214,10.9,9,15.5,13.5
18.4,214,11,9.1,10.9,11.2
18.3,214,10.9,9.1,7.9,11.7
18.3,214,10.7,9,12.7,14
18.2,214,10.7,9,11.8,13.7
18.2,214,10.5,9,8.8,14.8
18.1,214,10.5,9,7,8.7
18.1,214,10.6,9,7.3,11
18,214,10.6,9,4.4,15.9
17.9,214,10.5,9,8.4,7.9
17.9,214,10.5,9,5.4,8.4
17.9,214,10.4,9,6.7,16.7
17.8,214,10.4,9,6.6,13.8
17.7,214,10.4,9,8.4,10.5
17.9,214,10.6,9,15.7,9
18,214,10.6,9,10,10
17.9,214,10.6,9,7.8,10.8
17.6,215,10.4,9,4.4,10
17.4,216,10.3,9,2,6.4
17.5,216,10.3,9,4.6,9.9
17.5,216,10.4,9,3.2,8.7
17.7,215,10.5,9,3.7,21.8
17.9,215,10.5,9,3.2,8.8
17.9,215,10.6,9,5.6,8.2
17.8,215,10.6,9,6.2,10.6
17.8,215,10.7,9,4.7,6.3
17.8,215,10.6,9,4.2,7.4
17.6,215,10.5,9,4.7,7.2
17.6,216,10.4,9,6.5,26.4
17.6,215,10.4,9,3.8,10.3
17.6,215,10.4,9,5.2,13.8
17.5,215,10.4,9,3.4,6.3
17.5,215,10.3,9,3.4,7.3
17.5,215,10.3,9,2.6,16.9
17.5,215,10.2,9,4.8,12.5
17.4,215,10.1,9,5,21.8
17.4,215,10.1,9,3,7.1
17.4,215,10.1,9,4.7,7.2
17.4,215,10.2,9,3.2,5
17.4,215,10.2,9,5.2,6.2
17.6,215,10.2,9,2.6,5.5
17.8,215,10.3,9,4.2,5.5
18,215,10.4,9,2.4,6.8
17.9,215,10.4,9,2.2,3.8
17.9,215,10.6,9,2.1,3.8
18.2,215,10.5,9,3.2,4.1
17.8,215,10.8,9,4.7,6.2
18,215,11,9.1,2.9,6.9
18,215,11,9.1,4.2,7.7
18.2,215,10.6,9,3.6,8.1
18,215,10.7,9,2.7,11.4
17.9,215,10.8,9,2.4,12.9
18,216,10.3,9,2.1,4
18,216,10.3,9,2.3,5.2
18,216,10.3,9,2.2,5.5
17.9,216,10.3,9,1.6,6.3
17.9,215,10.4,9,4,9.2
17.9,216,10.4,9,3,8.3
17.9,216,10.3,9,3.4,8.6
17.8,216,10.3,9,3.1,5.7
17.8,216,10.3,9,5.1,7.1
17.8,216,10.3,9,2.7,9.6
18,216,10.4,9,2.6,7.4
18.2,216,10.4,9,2.3,6.1
18.4,216,10.4,9,2.3,4.5
18.7,216,10.4,9,2.3,4.5
18.6,216,10.6,9,2.7,4.1
18.4,216,10.7,9,2.4,2.6
19,215,10.6,9,1.8,2.4
18.4,216,10.7,9,2.2,5.5
18.8,216,10.8,9,2.7,4
19.4,216,10.6,9,2.9,4.2
19,216,10.5,9,2.3,6.3
18.9,216,10.7,9,2.3,5.8
18.6,217,10.5,9,2.8,7.6
18.4,216,10.6,9,2.3,5
18.5,216,10.6,9,2.4,8.7
18.6,217,10.3,9,2.7,4.9
18.4,216,10.3,9,2.3,4.6
18.3,216,10.3,9,2.1,5
18.4,217,10.2,9,1.8,3.8
18.3,217,10.1,9,1.6,3.4
18.2,217,10.1,9,1.8,7.3
18.2,217,10.1,9,1.7,6.5
18.2,217,10.1,9,2,6.7
18.2,217,10.1,9,2.6,5
18.1,217,10.1,9,2.1,4
18.2,217,10.1,9,2.1,3.6
18.3,217,10.1,9,2.1,2.3
18.4,217,10,9,1.8,2.8
18.6,217,10,9,1.6,3.6
18.8,217,10.2,9,1.7,2.1
19.1,217,10,9,1.6,1.9
19,217,10,9,1.7,2
18.8,217,10.2,9,1.6,3.2
19,217,10.3,9,1.6,3.6
18.8,217,10.3,9,1.8,3.2
18.8,217,10.1,9,1.5,3.9
18.6,217,10.1,9,1.6,4
18.6,217,10.1,9,2,4.4
18.7,218,10.1,9,1.6,4.1
18.7,218,10.1,9,2,8.3
18.6,218,10.1,9,1.5,5.2
18.6,218,10,9,1.7,5.2
18.6,218,10,9,1.8,5
18.5,218,10,9,1.8,3.8
18.5,218,9.9,9,3.3,6.1
18.4,218,9.9,9,1.5,5.1
18.3,218,9.9,9,1.6,4.8
18.4,218,9.9,9,2.2,3.8
18.5,218,9.8,9,2.3,3.5
18.5,218,9.9,9,1.4,3.6
18.6,218,10,9,2.3,4.1
18.7,218,10,9,1.7,2.3
18.6,218,10.1,9,1.1,5.7
19.1,218,10.2,9,1.9,17.9
20.3,218,10,9,1.9,7.3
19.9,218,10.2,9,1.5,2.1
19.4,218,10.5,9,1.6,3.2
19.6,218,10.4,9,7.6,2.5
19.3,218,10.4,9,1.5,2.9
18.9,217,10.5,9,1.6,3.5
19.1,218,10.4,9,1.5,2.6
19,218,10.4,9,1.4,3.5
19.3,218,10.3,9,1.8,7.6
19.4,218,10.3,9,1.6,3.5
19.6,219,10.2,9,1.8,5.6
19.6,219,10.1,9,1.8,3.9
19.5,219,10.1,9,1.8,7.2
19.4,219,10,9,1.6,6.8
19.3,219,10,9,1.6,5.1
19.2,219,10,9,1.4,3.1
19.1,219,10,9,1,3.4
19.2,219,9.9,9,0.8,6.7
19.2,219,10,9,1.2,4.1
19.3,219,10,9,1.2,
19.4,219,10,9,1.1,5
19.8,219,10.1,9,0.9,4.2
20,219,10.1,9,1.1,4.4
19.6,218,10.1,9,1.2,3
19.6,218,10.2,9,1.3,2.4
20,218,10,9,0.9,2.5
19.4,218,10.1,9,4.8,2.5
19.3,218,10.2,9,0.8,2.3
19.3,218,10.2,9,1.1,4.1
19.4,219,10.2,9,1.8,5
19.6,219,10.3,9,1.3,3.8
19.7,219,10.1,9,1,3.6
19.7,219,10,9,1.3,3.5
19.6,219,10,9,1.1,2.5
19.6,219,10,9,0.9,3.6
19.6,219,9.9,9,0.9,3.1
19.5,219,9.9,9,1.1,3.3
19.4,219,9.9,9,1.1,4.3
19.4,219,9.9,9,1.2,3.9
19.4,219,9.8,9,0.8,3.8
19.3,219,9.8,9,0.9,2.6
19.4,219,9.8,9,0.9,3
19.6,219,9.9,9,0.8,7.8
19.8,219,9.9,9,1.2,9.7
20.5,220,9.9,9,0.6,3
21.3,220,9.9,9,0.6,1.9
21.9,220,9.8,8.9,0.7,1.3
20.4,219,10,9,0.7,2.4
20.3,219,10.1,9,1.2,3.3
21.2,220,10,9,0.7,3
21.2,220,10,9,0.9,3.1
21.1,220,10,9,0.8,3.1
21.1,220,9.9,9,0.7,2
20.8,220,9.9,9,0.6,2
21,220,9.7,9,0.6,1.8
20.8,220,9.7,9,0.6,2
21.1,220,9.6,9,0.6,3.3
21.3,220,9.6,9,0.7,4.4
21.2,220,9.6,9,0.6,2.8
21.1,220,9.5,8.9,0.6,3
21,220,9.5,8.9,1.1,2.9
20.9,220,9.5,8.9,0.9,2.5
20.8,220,9.5,8.9,1.4,3.1
20.7,220,9.4,8.9,1.4,2.9
20.7,220,9.4,8.9,0.9,2.9
20.7,220,9.5,9,1.8,1.6
20.8,221,9.4,8.9,0.6,2.6
21,220,9.4,8.9,0.8,3.1
21,220,9.5,8.9,0.6,1.3
21.4,220,9.5,9,0.7,2
22.3,221,9.5,8.9,0.8,1.9
22.7,221,9.4,8.9,0.8,2.8
22.2,221,9.6,8.9,0.8,1.7
21.6,220,9.6,8.9,0.9,2.3
21.4,220,9.6,9,0.7,3.3
21.7,220,9.6,9,0.9,2.8
21.6,220,9.6,8.9,0.9,2.4
21.5,220,9.5,8.9,0.9,2.6
21.5,220,9.4,8.9,1.1,4
21.4,220,9.4,8.9,0.8,2.9
21.3,220,9.4,8.9,1.3,2.4
21.2,220,9.4,8.9,0.9,2.5
21.1,220,9.3,8.9,0.7,3.4
21.2,220,9.2,8.9,1.4,6.2
21.1,220,9.2,8.9,1.5,3.3
21,220,9.2,8.9,0.8,3.5
20.9,220,9.2,8.9,0.8,3.5
20.8,220,9.2,8.9,2.6,4.2
20.8,220,9.2,8.9,0.8,3.1
20.8,220,9.3,8.9,1.1,2
20.9,220,9.3,8.9,0.8,2.3
21.1,220,9.3,8.9,0.8,1.9
21.3,220,9.3,8.9,0.6,1.9
21.5,220,9.3,8.9,0.5,3.8
21.8,220,9.3,8.9,0.5,3
22.2,221,9.4,8.9,0.5,1.6
22,220,9.4,8.9,0.5,3
22.3,221,9.4,8.9,0.5,1.5
21.5,221,9.6,8.9,0.6,2.2
21.9,221,9.4,8.9,0.7,2
21.4,220,9.7,9,0.6,1.9
21.2,220,9.8,9,0.9,2.9
21.3,221,9.4,8.9,0.5,2.2
21.4,221,9.5,9,0.6,5.1
21.2,220,9.4,9,0.5,2.7
21.2,220,9.4,8.9,0.6,2.5
21.2,221,9.4,8.9,0.9,1.8
21.3,221,9.4,8.9,0.5,3.5
21.2,221,9.3,8.9,0.8,5.6
21.1,221,9.3,8.9,0.7,2.9
21.1,221,9.3,8.9,0.7,3.3
21,221,9.2,8.9,0.7,3.6
21,221,9.2,8.9,0.6,9
21.1,221,9.3,8.9,0.6,2.5
21.3,221,9.3,8.9,0.5,2.9
21.5,221,9.4,8.9,0.5,3.4
21.8,221,9.4,8.9,0.5,1.7
22.1,221,9.3,8.9,0.6,1.9
22.4,222,9.3,8.9,0.6,2
21.3,221,9.5,8.9,0.7,2.5
20.4,221,9.7,8.9,0.8,3.4
20.7,221,9.7,8.9,0.7,2.8
21.3,222,9.6,8.9,0.5,3.2
21.5,221,9.6,8.9,0.5,3.4
21.5,222,9.5,8.9,0.6,3.5
21.5,221,9.5,8.9,0.8,3.3
21.4,222,9.5,8.9,2.9,3.9
21.4,222,9.4,8.9,0.5,11.4
21.3,222,9.4,8.9,0.6,8.6
21.3,222,9.4,8.9,0.6,3.5
21.3,221,9.3,8.9,0.6,3.3
21.3,222,9.3,8.9,0.8,2.3
21.2,221,9.2,8.9,0.8,3.3
21.2,222,9.2,8.9,1,3.2
21.1,222,9.2,8.9,0.5,4.9
21,222,9.2,8.9,0.7,5.6
21,221,9.2,8.9,0.6,1.8
21,221,9.2,8.9,0.6,4.5
21,221,9.2,8.9,0.8,2.8
21.1,221,9.2,8.9,0.5,2.4
21.2,222,9.2,8.9,0.6,2.3
21,222,9.4,8.9,0.7,1.8
21,222,9.5,8.9,0.7,2.2
20.4,223,9.7,8.9,0.8,2.5
20.1,224,9.6,8.9,0.9,2.9
20.5,224,9.5,8.9,1.1,4.8
21.2,223,9.3,8.9,0.8,3.8
21.2,223,9.3,8.9,0.7,3
21.1,223,9.3,8.9,0.6,3.7
21,223,9.3,8.9,0.8,3.9
20.8,223,9.3,8.9,0.6,4.9
20.8,223,9.2,8.9,0.6,5.4
20.6,223,9.2,8.9,0.5,12.8
20.6,223,9.2,8.9,1.1,3
20.8,223,9.1,8.9,0.6,2.3
20.7,223,9.1,8.9,0.7,4.8
20.7,223,9,8.9,0.6,3.6
20.6,223,9,8.9,0.7,5.1
20.6,223,9,8.9,0.5,4.8
20.5,223,9,8.9,0.5,3.3
20.4,223,9,8.9,0.6,3.9
20.3,223,9.1,8.9,0.6,3.2
20.3,223,9.1,8.9,0.7,2.3
20.4,223,9.2,8.9,0.7,2.9
20.5,223,9,8.9,0.7,2.8
20.4,223,9.1,8.9,0.8,2.7
20.5,223,9.2,8.9,0.9,3.4
20.6,223,9.2,8.9,0.9,3.4
20.5,223,9.2,8.9,0.8,3
20.6,223,9.2,8.9,0.6,3.9
20.6,223,9.3,8.9,0.7,4.5
20.5,223,9.3,8.9,0.6,4
20.5,223,9.3,8.9,0.6,3.9
20.2,223,9.2,8.9,0.7,4.6
20.1,223,9.2,8.9,0.8,3.5
20.2,223,9.1,8.9,0.7,4.3
20,223,9.1,8.9,2,5
20,223,9.1,8.9,0.6,6
20,223,9.1,8.9,0.6,4.5
20,223,9,8.9,0.6,3.9
20,223,9,8.9,0.6,5.6
19.9,223,9,8.9,0.7,4.5
19.8,223,9,8.9,0.8,4.7
19.8,223,9,8.9,1.1,7.5
19.7,223,9,8.9,2.1,4.9
19.7,223,9,8.9,0.6,3.7
19.7,223,9.1,8.9,0.7,3.4
19.8,223,9.1,8.9,1,3.7
19.9,223,9.1,8.9,0.8,2.6
20,223,9.2,8.9,0.7,3.4
20.1,223,9.2,8.9,0.6,3.2
20.2,223,9.3,8.9,0.6,3.9
20.3,223,9.3,8.9,0.9,3.8
20.3,223,9.3,8.9,0.6,3.3
20.1,223,9.3,8.9,0.7,6.3
20.2,224,9.3,8.9,0.7,4.6
20.1,224,9.3,8.9,0.7,5.2
20,224,9.3,8.9,0.7,3.8
20,224,9.2,8.9,0.6,4.5
19.9,224,9.2,8.9,0.7,6.9
19.9,224,9.2,8.9,1,7.1
19.8,224,9.2,8.9,0.9,4.7
19.7,224,9.2,8.9,2.7,2.9
19.7,224,9.1,8.9,0.6,9.3
19.6,224,9.1,8.9,0.9,5.3
19.6,224,9.1,8.9,1.5,4.8
19.5,224,9,8.9,0.7,5.9
19.5,224,9,8.9,0.8,4.4
19.5,224,9,8.9,1,5.3
19.5,224,9,8.9,0.7,5
19.6,224,9.1,8.9,0.7,7.1
20,224,9.2,8.9,0.6,3.7
20,224,9.2,8.9,0.6,4.9
20,224,9.3,8.9,0.7,7.6
20,224,9.3,8.9,0.7,2.6
20.1,224,9.5,8.9,0.6,4
20,224,9.6,8.9,0.7,6.8
20,224,9.6,8.9,0.7,5.8
20,223,9.7,8.9,0.7,6.5
20.1,224,9.6,8.9,0.7,4.8
20.1,224,9.6,8.9,0.7,6.3
20.2,224,9.5,8.9,1.4,7.1
20.2,224,9.5,8.9,0.7,5.4
20.2,224,9.5,8.9,0.7,6
20.2,224,9.4,8.9,0.7,8.5
20.1,224,9.4,8.9,0.9,3.5
20.1,224,9.4,8.9,0.7,13.1
20.1,224,9.3,8.9,0.7,9.8
20.1,225,9.3,8.9,0.6,10.7
20,225,9.2,8.9,0.7,13.4
20,225,9.2,8.9,0.6,8.6
19.9,225,9.2,8.9,0.5,7.4
19.8,224,9.2,8.9,0.6,7.9
19.9,225,9.2,8.9,0.9,4.5
20,225,9.2,8.9,0.5,11.8
20,225,9.3,8.9,0.5,4.7
20.1,225,9.4,8.9,1.3,9.6
20.1,224,9.5,8.9,0.6,4.7
20.4,225,9.4,8.9,0.6,3.7
20.6,224,9.5,8.9,0.7,3.3
20.8,224,9.5,8.9,0.6,4.8
20.8,224,9.6,8.9,0.7,3
20.9,224,9.6,8.9,0.7,6.3
21,225,9.6,8.9,0.6,6
21,224,9.6,8.9,0.7,6.4
20.8,224,9.6,8.9,0.7,5.2
20.8,225,9.5,8.9,0.6,6.6
20.7,224,9.5,8.9,0.8,8.5
20.6,224,9.5,8.9,0.8,7.9
20.6,224,9.5,8.9,0.6,8.9
20.6,224,9.5,8.9,0.9,0.5
20.6,225,9.4,8.9,0.8,8
20.6,225,9.4,8.9,0.8,7.4
20.5,225,9.4,8.9,0.6,9
20.5,225,9.3,8.9,0.7,6.5
20.5,225,9.3,8.9,0.7,7.1
20.4,225,9.4,8.9,0.8,5.8
20.4,225,9.4,8.9,0.7,5.2
20.6,225,9.4,8.9,1,12.7
20.7,225,9.5,8.9,0.7,9.8
20.8,225,9.6,8.9,0.7,5.4
20.9,225,9.5,8.9,0.8,3.8
20.7,224,9.7,8.9,0.6,5.3
20.9,224,9.7,8.9,1,3.9
21.4,225,9.7,8.9,1,5
20.9,224,9.9,8.9,0.7,4.5
20.9,224,10,9,2,6.2
20.4,224,10.2,9,0.9,11.8
21.4,225,9.9,8.9,0.8,6.4
21.8,225,9.7,8.9,0.7,7.1
21.9,225,9.7,8.9,0.8,8.6
21.7,225,9.7,8.9,0.8,12.4
21.6,225,9.7,8.9,0.8,8.9
21.6,225,9.7,8.9,0.8,7.5
21.6,225,9.6,8.9,0.7,8.2
21.5,225,9.6,8.9,0.7,7.9
21.4,225,9.6,8.9,0.7,15.5
21.4,225,9.5,8.9,0.6,4.1
21.3,225,9.5,8.9,0.8,10.2
21.2,225,9.5,8.9,0.7,5.6
21.2,225,9.5,8.9,0.9,6.6
21.3,225,9.6,8.9,0.6,4.2
21.4,226,9.6,8.9,0.7,4.7
21.6,225,9.7,8.9,0.6,12.5
21.9,226,9.6,8.9,0.7,9.1
22.2,226,9.7,8.9,0.8,11
22.4,226,9.7,8.9,0.6,4.2
22.7,226,9.8,8.9,0.7,3.4
23.6,226,9.8,8.9,0.7,4.5
23.8,227,9.6,8.9,0.6,2.8
23.3,226,9.8,8.9,0.6,3.8
22.5,225,10.1,9,0.7,7.1
22.1,225,10.2,9,0.9,18.1
23,226,9.8,9,0.6,4.9
23,226,9.7,8.9,0.6,6.2
23.4,227,9.6,8.9,0.5,4.4
23.4,227,9.5,8.9,0.7,4.7
23.3,226,9.5,8.9,0.6,4.5
23.2,227,9.5,8.9,0.6,5.2
23,226,9.4,8.9,0.7,6
22.9,226,9.4,8.9,0.6,5.5
22.8,226,9.4,8.9,3.5,6.4
22.7,226,9.3,8.9,0.8,4.2
22.6,226,9.3,8.9,0.6,6
22.5,226,9.3,8.9,0.7,4.2
22.6,226,9.4,8.9,0.6,4
22.7,226,9.4,8.9,0.8,17.8
22.9,227,9.4,8.9,0.6,9
23,227,9.5,8.9,0.6,3.7
23.7,227,9.4,8.9,0.7,4.2
23.1,226,9.6,8.9,0.7,2.6
22.8,226,10,9,0.8,4.8
22.8,226,10.1,9,0.8,3.3
24.3,227,9.6,8.9,0.6,1.6
23.9,226,9.8,8.9,0.6,3.8
23.4,226,10,9,0.7,5.4
23.4,226,9.9,9,3.7,4.7
23.8,227,9.7,8.9,0.6,3.7
24,227,9.6,8.9,0.7,5.9
24.2,227,9.5,8.9,0.6,3.8
24.3,228,9.4,8.9,0.6,1.8
24.2,227,9.4,8.9,0.6,2.5
24.1,227,9.4,8.9,0.6,3.3
24,227,9.4,8.9,0.6,2.8
23.9,228,9.3,8.9,0.6,2.3
23.7,228,9.2,8.9,0.6,3.8
23.6,228,9.1,8.9,0.7,4
23.5,228,9.1,8.9,0.8,6.9
23.5,227,9.1,8.9,0.8,1.8
23.6,227,9.3,8.9,0.6,3.1
23.7,228,9.3,8.9,0.8,3.2
23.8,227,9.3,8.9,0.6,3.2
23.8,228,9.4,8.9,0.6,3.3
23.9,227,9.4,8.9,0.6,3
24,228,9.4,8.9,0.6,2.1
23.7,228,9.5,8.9,0.7,3.7
23.3,228,9.7,,0.7,3
23,228,10,9,0.6,2.4
23.3,228,9.8,9,0.6,4.2
23.5,228,9.7,9,0.4,2.7
23.4,228,9.6,9,0.4,3
23.2,228,9.8,9,0.5,4
23,228,9.8,9,0.5,3.5
22.9,228,9.8,9,0.5,3.6
23,228,9.5,9,0.5,2.1
23,228,9.5,9,0.4,3.1
23,228,9.4,9,0.4,2.6
22.9,228,9.4,9,0.4,2.6
22.8,228,9.4,9,0.9,2.9
22.7,228,9.4,9,0.5,2.8
22.6,228,9.3,9,0.4,2.7
22.5,228,9.3,9,0.5,2.6
22.4,228,9.4,9,0.4,2.4
22.4,228,9.4,9,0.5,2.1
22.4,228,9.4,9,0.5,2.1
22.4,228,9.4,9,0.5,1.9
22.6,228,9.4,9,0.5,1.8
22.8,228,9.4,9,0.5,1.8
22.7,228,9.7,9,0.5,2.1
22.6,228,9.8,9,0.6,2.6
22.8,228,9.9,9,0.6,2.3
23,228,9.8,9,0.6,2.4
23,228,9.8,9,0.6,2
23.1,228,9.8,9,0.6,2.1
23.2,229,9.6,9,0.5,2.3
22.8,228,9.6,9,0.5,2.1
22.6,228,9.6,9,0.5,1.8
22.6,228,9.6,9,1.2,2.4
22.5,228,9.6,9,0.4,1.8
22.5,229,9.5,9,0.6,2.3
22.4,229,9.5,9,0.5,4.6
22.4,229,9.5,9,0.6,1.5
22.3,229,9.4,9,0.7,2.6
22.2,229,9.4,9,0.5,2.3
22.1,229,9.3,9,0.6,2.6
22.1,229,9.3,9,0.5,4.2
22,229,9.3,9,0.6,2.6
22,229,9.4,9,0.6,2
22.1,228,9.4,9,0.5,1.8
22.2,229,9.4,9,0.6,2
22.3,229,9.4,9,0.6,1.6
22.6,229,9.4,9,0.5,1.8
22.7,229,9.4,9,0.6,2.2
23.1,229,9.4,9,0.5,1.6
23,229,9.5,9,0.5,1.5
23,230,9.5,9,0.5,1.6
23.2,230,9.5,9,0.6,2.2
23,230,9.4,9,0.7,1.7
23,230,9.3,9,0.6,1.8
22.8,230,9.3,9,0.6,2.1
22.3,230,9.6,9,0.8,3
22.5,230,9.4,9,0.7,2.8
22.4,230,9.3,9,0.6,2.7
22.4,230,9.4,9,0.6,2.5
22.4,230,9.3,9,0.6,2.3
22.4,230,9.2,9,0.6,2.5
22.3,230,9.2,9,0.6,2
22.2,230,9.1,9,0.5,1.8
22.3,231,9,9,0.9,2.3
22.2,230,9,9,0.6,1.8
22.2,231,9,9,0.6,1.7
22.1,231,9,9,0.6,1.3
22.1,231,8.9,9,0.7,1.5
22.1,231,8.9,9,0.6,1.6
22.2,231,9,9,0.6,1.5
22.1,230,9.2,9,0.8,1.6
22.1,230,9.3,9,0.7,1.8
22.1,230,9.3,9,0.7,1.8
22.2,230,9.4,9,0.8,1.8
22.2,230,9.4,9,0.8,2
22.3,230,9.4,9,0.8,2
22.3,230,9.3,9,0.7,1.8
22.1,230,9.3,9,0.8,2
22,230,9.3,9,0.8,2.2
21.9,230,9.2,9,0.7,2.3
21.8,231,9.2,9,0.8,1.8
21.8,231,9.1,9,0.7,8.5
21.7,231,9.1,9,0.8,2.3
21.7,230,9.1,9,0.8,2.5
21.6,230,9,9,0.7,2.1
21.6,230,9,9,0.8,2.8
21.5,230,9,9,0.7,2.3
21.4,230,9,9,0.8,2.1
21.4,230,9,9,0.7,2.7
21.3,230,9,9,0.9,2
21.3,230,9,9,0.8,1.8
21.4,230,9,9,6.1,3.8
21.6,230,9.1,9,0.9,2
21.7,230,9.1,9,0.8,1.3
21.7,230,9.2,9,0.8,2.1
21.9,231,9.2,9,0.7,1.6
22,231,9.3,9,0.8,1.2
22,231,9.3,9,0.9,1.5
22.1,230,9.2,9,0.7,1.6
22.3,230,9.1,9,0.6,1.7
21.7,230,9.4,9,0.9,1.5
21.6,229,9.5,9,0.9,1.5
21.4,229,9.3,9,1,1.9
21.4,230,9.2,9,0.9,2.5
21.4,230,9.1,9,0.8,2.8
21.6,231,9,9,0.8,2
21.6,230,9.1,9,0.6,1.8
21.6,230,9,9,0.7,1.6
21.6,230,9,9,0.7,1.7
21.5,230,9,9,1,1.8
21.4,230,8.9,9,0.8,1.6
21.4,230,8.9,9,0.7,1.8
21.3,230,8.9,9,0.7,1.7
21.2,230,8.9,9,0.7,1.3
21.2,230,8.9,9,0.8,1.5
21.4,231,8.9,9,0.6,2
21.6,231,8.9,9,0.6,1.8
21.6,231,9,9,0.7,1.1
21.9,231,9,9,0.8,1.2
22,231,9,9,0.7,1
22.2,231,9,9,0.6,1.2
22.4,231,9.1,9,0.6,1.2
22.6,231,9.1,9,0.6,1
22.5,231,9.1,9,0.7,1
22.6,231,9.1,9,0.7,1.4
22.4,231,9.1,9,0.7,1.2
22.3,231,9,9,0.7,1.4
22.2,231,9,9,0.7,2
22.1,231,9,9,0.7,1.4
22,231,9,9,0.7,1.9
22,231,8.9,9,0.5,1
21.9,231,8.9,9,0.7,2.7
21.8,231,8.9,9,0.6,1.2
21.7,231,8.9,9,0.6,1.7
21.6,231,8.9,9,0.7,1.4
21.5,231,8.9,9,1,1.7
21.5,231,8.9,9,0.7,1.5
21.4,231,8.8,8.9,0.6,1.5
21.4,231,8.9,9,0.6,1.5
21.5,231,8.9,9,0.6,0.7
21.6,231,8.9,9,0.9,1.6
21.8,231,8.9,9,1.1,1
21.9,231,9,9,0.8,1.5
21.6,231,9.1,9,0.8,1.3
21.4,232,9,8.9,0.8,1.7
21.7,232,8.9,8.9,0.8,1.5
21.9,231,9.1,9,0.9,1.3
22,232,9,8.9,0.7,1.2
21.8,232,9.1,8.9,0.8,1.2
21.9,232,9,9,0.9,1.4
21.6,232,9,8.9,0.7,1.4
21.5,232,9,9,0.8,2.4
21.6,232,9,9,0.8,1.7
21.7,232,9,9,1,1.4
21.6,232,9,8.9,0.8,1.3
21.6,232,8.9,9,0.8,1.2
21.5,232,8.9,9,0.7,1.7
21.4,232,8.9,9,0.8,1.6
21.4,232,8.9,8.9,0.7,1.7
21.4,232,8.9,8.9,0.8,1.5
21.3,232,8.8,8.9,0.7,1.9
21.2,232,8.8,8.9,0.8,1.4
21.3,232,8.9,8.9,0.6,1.4
21.4,232,8.9,8.9,0.7,1.6
21.5,232,8.9,8.9,0.7,1.4
21.7,232,9,8.9,0.5,0.9
21.8,232,9,9,0.6,1.4
21.9,232,9,9,0.7,1.2
22,232,9,9,1,1.4
22.4,233,9,8.9,0.6,1.2
22.2,232,9.1,9,0.8,1.1
23,235,8.9,8.9,1,1.4
22.6,233,9.1,8.9,0.5,1.4
22.1,232,9.2,9,0.8,2.8
21.9,232,9.2,9,0.6,1.2
21.7,232,9.1,9,0.7,1.7
21.8,233,9.1,9,0.8,1.4
21.7,233,9,9,0.6,1.2
22.2,233,9,8.9,0.8,1.2
22.1,233,9,8.9,0.7,1.4
22.2,233,9,8.9,0.7,1.2
22.1,233,9,8.9,0.7,1.5
22,233,8.9,8.9,0.7,2.6
21.9,233,8.9,8.9,0.7,1.9
21.8,233,8.9,8.9,0.6,1.4
21.7,233,8.9,8.9,0.8,1.7
21.7,233,8.9,8.9,0.8,1.4
21.7,233,8.9,8.9,0.8,1.4
21.7,233,8.9,8.9,0.8,1.5
21.7,233,8.9,8.9,0.8,1.2
21.9,233,8.9,8.9,0.9,1.2
21.8,233,8.9,8.9,0.9,1.5
22.1,233,8.9,8.9,1.4,1.5
22.1,234,9,8.9,1,2.3
22.3,234,9,8.9,0.9,1.7
22.2,233,9.1,9,0.8,1.4
22.1,233,9.1,9,1.2,2.2
22.1,233,9.1,9,0.8,1.7
22.1,233,9.1,9,0.8,2.1
22,233,9.1,9,0.7,2.8
22,233,9.1,9,0.9,2.1
21.9,233,9,9,1.4,1.8
21.9,233,9,9,1.1,1.6
21.9,233,9,9,0.9,2.1
21.9,234,9,8.9,0.9,1.9
21.8,234,8.9,8.9,0.9,2.3
21.8,234,8.9,8.9,0.8,1.8
21.7,234,8.8,8.9,0.9,1.7
21.6,234,8.8,8.9,0.9,1.7
21.6,234,8.8,8.9,0.9,1.7
21.6,233,8.8,8.9,0.9,2.5
21.6,233,8.8,8.9,1.4,1.7
21.7,233,8.8,8.9,0.9,1.6
21.8,233,8.9,8.9,0.8,1.8
21.8,233,8.9,8.9,0.9,1.6
21.9,233,8.9,8.9,0.8,1.6
22,233,9,8.9,0.9,1.7
22,233,9,8.9,0.9,1.5
22,233,9,8.9,0.8,2.1
22.1,233,9,8.9,0.9,1.9
22,233,9,8.9,0.9,2.3
22,234,9,8.9,0.9,1.9
21.8,233,9,8.9,1,2.1
21.7,233,9,8.9,1,2.2
21.6,234,8.9,8.9,0.9,2.7
21.6,233,8.9,8.9,1,2.7
21.5,233,8.9,8.9,1,2.2
21.5,233,8.9,8.9,2.5,2
21.5,233,8.8,8.9,0.8,1.6
21.4,234,8.8,8.9,2.6,2.5
21.4,234,8.7,8.9,0.8,2.1
21.4,234,8.7,8.9,1.1,2.3
21.3,234,8.7,8.9,1.2,1.9
21.3,234,8.7,8.9,1,2
21.3,234,8.7,8.9,1.2,1.8
21.3,234,8.7,8.9,0.9,2
21.4,234,8.7,8.9,0.9,1.7
21.4,234,8.8,8.9,1.1,1.7
21.6,234,8.8,8.9,1,1.9
21.6,234,8.9,8.9,1.2,1.8
21.6,234,8.9,8.9,2.5,1.6
21.7,234,8.9,8.9,1.2,1.9
21.8,234,8.9,8.9,1,1.8
21.8,234,8.9,8.9,1.1,1.9
21.7,234,8.9,8.9,1,1.9
21.7,234,8.9,8.9,1.2,2.1
21.6,234,8.8,8.9,1,2.1
21.5,234,8.8,8.9,1.1,2.2
21.5,234,8.8,8.9,1.1,3
21.5,234,8.7,8.9,1.1,2.1
21.4,234,8.7,8.9,0.9,1.9
21.4,234,8.7,8.9,1.2,2.7
21.4,234,8.7,8.9,1,1.8
21.3,234,8.6,8.9,1,2.1
21.3,234,8.6,8.9,0.8,1.9
21.2,234,8.6,8.9,2,2.9
21.2,234,8.6,8.9,1.1,1.8
21.1,235,8.6,8.9,0.8,1.2
21.2,235,8.6,8.9,0.8,1.8
21.2,235,8.6,8.9,0.9,4.7
21.3,234,8.7,8.9,1,2.1
21.5,235,8.8,8.9,1,1.4
21.5,235,8.8,8.9,0.8,1.8
21.6,235,8.9,8.9,0.8,2.5
21.9,235,8.9,8.9,1.1,1.8
22,235,9,8.9,1.5,1.6
21.9,235,9,8.9,0.9,1.4
21.8,234,9,8.9,0.8,1.6
21.9,235,9,8.9,1,1.6
21.6,234,9,8.9,1.2,1.4
21.6,235,8.9,8.9,0.9,2
21.6,235,8.9,8.9,0.9,2.2
21.8,235,8.9,8.9,0.8,1.4
21.7,235,8.9,8.9,0.8,2
21.8,235,8.8,8.9,1.5,2
21.9,235,8.8,8.9,0.8,1.8
21.8,235,8.8,8.9,0.8,2.1
21.8,235,8.8,8.9,0.9,1.6
21.8,235,8.7,8.9,0.9,3
21.7,235,8.7,8.9,0.8,2.4
21.7,235,8.6,8.9,0.8,2.9
21.6,235,8.7,8.9,0.8,2.5
21.6,235,8.7,8.9,2.2,1.3
21.7,235,8.7,8.9,1.7,1.8
21.8,235,8.8,8.9,1.2,1.3
21.8,235,8.8,8.9,1,2
21.8,235,8.9,8.9,0.9,2.2
22,236,8.8,8.9,0.9,1.6
21.9,235,8.9,8.9,0.9,1.8
22,235,9,8.9,0.9,2
21.8,235,9,8.9,0.9,1.8
21.7,235,9,8.9,1.2,2.4
21.8,235,9,8.9,0.9,1.2
22.2,236,8.9,8.9,0.8,1.3
22.2,236,9,8.9,0.7,1.8
22.1,236,8.9,8.9,0.7,2
21.9,236,8.9,8.9,0.7,1.7
21.9,236,8.9,8.9,1,2
21.8,236,8.9,8.9,0.9,1.6
21.8,236,8.8,8.9,0.9,2.5
21.8,236,8.8,8.9,0.9,1.8
21.7,236,8.8,8.9,0.8,2.5
21.6,236,8.8,8.9,0.9,2.2
21.5,236,8.8,8.9,0.8,2.2
21.5,236,8.8,8.9,0.9,3.3
21.4,236,8.8,8.9,0.9,2.4
21.5,236,8.8,8.9,0.8,1.8
21.6,236,8.8,8.9,0.9,2.8
21.6,236,8.9,8.9,0.8,2
21.8,236,8.9,8.9,0.9,1.8
21.7,236,9,8.9,1,1.6
21.9,236,9,8.9,1.1,1.6
21.9,236,9.1,8.9,0.7,1.8
21.9,236,9.1,8.9,0.8,1.4
22.1,236,9.1,8.9,1.1,2
21.8,235,9.2,8.9,1,1.8
21.8,235,9.2,8.9,0.9,1.8
21.8,236,9.2,8.9,0.8,2.2
21.9,236,9,8.9,0.9,1.8
21.8,236,9.1,8.9,0.8,2.4
21.8,235,9,8.9,1,3
21.8,235,9,8.9,0.9,2.4
21.7,235,9,8.9,0.8,2.2
21.7,235,9,8.9,0.9,2.4
21.6,235,8.9,8.9,1,2
21.5,235,8.9,8.9,1,2.1
21.5,235,8.9,8.9,1,2
21.4,235,8.8,8.9,1,2.4
21.4,235,8.9,8.9,1,2
21.4,235,8.9,8.9,0.9,2
21.4,235,8.9,8.9,0.9,2
21.5,235,8.9,8.9,0.9,2
21.6,235,8.9,8.9,1,2
21.7,235,9,8.9,0.9,1.6
21.9,235,9,8.9,3.7,2.2
22,235,9,8.9,0.8,1.8
22,235,9.1,8.9,0.8,1.5
22.1,235,9.2,8.9,0.7,1.6
22.1,235,9.2,8.9,0.8,1.3
22.1,235,9.2,8.9,0.9,1.8
22.4,236,9.1,8.9,0.9,2
22.2,236,9.1,8.9,1.4,2.9
22.1,236,9.1,8.9,0.9,2.2
22.2,236,9,8.9,1,2.8
22,236,9.1,8.9,0.9,2.5
22,236,9.1,8.9,0.9,2.6
22,236,9,8.9,0.9,2.8
22,236,9,8.9,1,2.6
22,236,9,8.9,1,3
22,236,9,8.9,1,2.2
22,236,8.9,8.9,1,3.6
21.9,236,8.9,8.9,3.6,3.2
21.9,236,8.9,8.9,1,2.8
21.8,236,8.9,8.9,1,2.2
21.8,236,8.9,8.9,1.1,2.6
21.9,236,8.9,8.9,0.8,2.6
22,236,8.9,8.9,1,2
22.1,236,9,8.9,0.9,2.4
22.3,236,9,8.9,0.8,2.2
22.2,236,9,8.9,1,2.5
22.1,236,9,8.9,0.9,2.2
22.2,236,9.1,8.9,0.9,2.1
22.2,236,9.1,8.9,0.9,2.5
22.2,236,9.1,8.9,0.9,4.1
22.2,236,9.1,8.9,1,2.6
22.1,236,9.1,8.9,0.9,2.8
22.1,236,9.1,8.9,1,3.2
22,236,9,8.9,1,4
22.1,237,9,8.9,1.2,4
22.1,237,9,8.9,1.1,4
22,237,9,8.9,1,3.8
22,237,8.9,8.9,1.3,3.8
21.9,237,8.9,8.9,1,3.4
21.9,237,8.9,8.9,1,2.7
21.9,237,8.9,8.9,1,3.4
21.8,237,8.9,8.9,1.1,4
21.8,237,8.8,8.9,1.1,3.2
21.8,237,8.8,8.9,1.2,2.8
21.8,237,8.8,8.9,1,2.5
21.9,237,8.9,8.9,0.9,2.4
22,237,9,8.9,1,3
22.2,237,9,8.9,1.1,2.7
22,237,9,8.9,0.8,2.4
22.1,237,9.1,8.9,1.1,2.4
22.2,237,9.1,8.9,0.9,2.1
22.2,237,9.1,8.9,1,2.7
22.5,237,9.2,8.9,1,3.1
23,237,9.2,8.9,0.8,2.7
22.4,236,9.3,8.9,1.3,2.1
22.7,237,9.3,8.9,1.1,3
22.9,237,9.2,8.9,0.9,3.1
22.8,237,9.2,8.9,0.9,3.8
23.1,238,9.1,8.9,0.8,4
23.2,238,9,8.9,0.9,2.5
23.3,238,9,8.9,0.8,3.1
23.3,238,9,8.9,0.8,4.4
23.2,238,9,8.9,0.8,7.9
23.1,238,9,8.9,0.8,3.6
23,238,8.9,8.9,1,2.8
22.9,238,8.9,8.9,0.8,3
22.9,238,8.9,8.9,0.8,3.4
22.8,238,8.9,8.9,0.9,2.4
22.8,238,8.9,8.9,0.9,3.2
22.9,238,8.9,8.9,0.7,3.7
22.8,238,8.9,8.9,0.8,2.7
22.8,238,9,8.9,2.5,2.5
22.9,238,9.1,8.9,0.7,3.3
23,238,9.1,8.9,0.9,2.3
23.3,238,9.2,8.9,0.8,2.1
23.4,238,9.2,8.9,0.9,2.1
24.8,239,9.1,8.9,0.8,3.4
25.4,240,9.1,8.9,0.9,2.5
25.5,240,9.1,8.9,3.1,3.4
24.9,239,9.2,8.9,0.9,2.7
25.3,240,9.1,8.9,0.9,2
25.2,240,9,8.9,0.8,2.1
25,239,8.9,8.9,0.8,2.4
24.9,239,8.9,8.9,0.7,3.2
24.8,239,8.8,8.9,0.7,2.3
24.6,239,8.8,8.9,0.7,2.1
24.4,239,8.8,8.9,0.7,2.3
24.3,239,8.8,8.9,0.7,2.7
24.2,239,8.7,8.9,0.8,3.3
24.2,238,8.6,8.9,0.6,2.7
24.2,238,8.7,8.9,0.7,2.8
24.1,238,8.7,8.9,0.8,2.5
24.1,238,8.8,8.9,2.1,3.1
24.2,238,8.7,8.9,0.7,2.5
24.2,238,8.8,8.9,0.6,3.3
24.4,238,8.8,8.9,0.7,2.7
24.5,238,8.8,8.9,0.6,2.3
23.8,237,9.3,8.9,0.7,2.1
23.3,236,9.4,8.9,1.3,2.9
23,236,9.6,9,1,2.7
23.3,237,9.5,9,0.9,3.3
23.8,237,9.3,8.9,0.9,3.5
24.3,238,9.1,8.9,0.9,3.9
24.1,238,9.1,8.9,1,4.1
24.1,238,9.1,8.9,1,4.3
24.1,238,9,8.9,1,4.9
24,238,9,8.9,1,5.5
24.3,238,8.8,8.9,1,4.7
24.4,238,8.7,8.9,1.4,4.3
24.1,238,8.7,8.9,1,3.9
24.1,238,8.7,8.9,1.1,2.9
24,238,8.6,8.9,1,3.2
23.9,238,8.7,8.9,1,3.3
23.8,238,8.7,8.9,1,4.3
23.7,238,8.7,8.9,0.9,3.3
23.7,238,8.7,8.9,0.9,4.4
23.7,238,8.7,8.9,0.9,3.1
23.9,238,8.8,8.9,1.5,3.3
23.9,238,8.9,8.9,1,3.1
24,238,9,8.9,0.8,3.1
24,238,8.9,8.9,0.9,2.8
24,238,8.9,8.9,1,3.1
24.1,238,8.9,8.9,1,3.7
24.3,238,8.9,8.9,1.1,3
24.4,238,8.9,8.9,1,3.6
24.6,238,8.9,8.9,0.9,3.3
24.7,239,8.9,8.9,0.8,3.3
24.8,239,8.8,8.9,0.8,3.8
24.8,239,8.8,8.9,0.8,3.6
24.6,239,8.8,8.9,0.8,3.9
24.4,238,8.8,8.9,0.8,2.6
24.2,238,8.8,8.9,0.9,3.1
24.3,238,8.7,8.9,0.8,3.7
24.2,238,8.7,8.9,0.8,3.5
24.1,239,8.7,8.9,0.8,3.2
24,238,8.7,8.9,0.9,4.2
24,239,8.6,8.9,0.9,3.8
24,239,8.5,8.9,0.8,4
24,239,8.6,8.9,0.9,4.3
23.9,238,8.7,8.9,0.9,3
23.9,239,8.7,8.9,0.8,4.2
24,238,8.7,8.9,0.9,4.3
24,238,8.7,8.9,1.2,4.8
24.1,238,8.8,8.9,1,3.9
24.2,238,8.8,8.9,0.9,3.4
24.4,239,8.8,8.9,0.8,3
24.4,238,8.9,8.9,0.8,3
24.4,238,9,8.9,0.9,3.5
24.7,239,9,8.9,0.8,2.6
24.8,239,9,8.9,0.8,2.8
24.5,239,9,8.9,0.9,2.5
24.5,239,9,8.9,0.9,3
24.3,239,9,8.9,0.9,2.6
24.3,239,8.9,8.9,0.8,3
24.3,239,8.9,8.9,1,3.4
24.3,239,8.9,8.9,0.9,3.4
24.6,239,8.8,8.9,0.8,3.6
24.5,239,8.8,8.9,1.1,3
24.4,239,8.8,8.9,0.8,3.4
24.4,239,8.7,8.9,0.8,3.1
24.4,239,8.7,8.9,0.9,3.8
24.3,239,8.6,8.9,0.8,3.8
24.2,239,8.6,8.9,0.8,3.8
24.1,239,8.7,8.9,0.9,3.2
24.2,239,8.7,8.9,0.8,4.2
24.3,239,8.8,8.9,0.9,3.8
24.5,239,8.8,8.9,0.9,2.8
24.7,239,8.8,8.9,0.6,2.2
24.8,239,8.9,8.9,0.8,2
25.1,240,8.9,8.9,1,3.2
25.4,240,9,8.9,0.7,1.8
25.3,240,9,8.9,0.8,2.3
25.2,240,9.1,8.9,0.8,2.2
25.2,240,9.1,8.9,0.8,2
25.3,240,9.1,8.9,0.8,3.1
25.1,239,9.1,8.9,0.9,2.3
24.8,239,9.1,8.9,0.9,2.5
25.1,240,9,8.9,0.9,4.2
25.3,240,9,8.9,0.8,4.8
25.3,240,8.9,8.9,0.9,3.2
25.4,240,8.9,8.9,0.9,3.8
25.3,240,8.9,8.9,0.9,3.4
25.2,240,8.8,8.9,0.9,3.3
25.2,240,8.8,8.9,0.9,3.4
25.1,240,8.7,8.9,0.9,4
25.1,240,8.7,8.9,0.8,5.2
25,240,8.7,8.9,0.9,3.6
25,240,8.7,8.9,1,3.2
25,240,8.7,8.9,0.9,2.7
25.1,240,8.7,8.9,0.8,3
25.3,240,8.8,8.9,0.9,3.4
25.4,240,8.9,8.9,0.9,3
25.4,240,8.9,8.9,0.8,2.4
25.4,240,9,8.9,0.9,2.8
25.4,240,9,8.9,0.9,2.2
25.1,239,9.1,8.9,0.9,2
24.8,239,9.4,8.9,1,2.2
25.1,239,9.4,8.9,1.3,3
25.8,239,9.1,8.9,1.1,2.8
26.2,239,9,8.9,1,2.8
26.1,239,9,8.9,1.1,3
26,239,9,8.9,1,3.6
25.9,239,8.9,8.9,1,3.2
25.8,239,8.9,8.9,0.8,3
25.8,239,8.8,8.9,0.8,3.4
25.7,239,8.8,8.9,0.8,3
25.6,239,8.8,8.9,0.9,3
25.6,240,8.7,8.9,0.8,3.1
25.5,239,8.7,8.9,0.8,3
25.4,239,8.6,8.9,1.2,4.2
25.3,239,8.6,8.9,1,3.4
25.2,239,8.7,8.9,0.8,3.6
25.2,239,8.7,8.9,0.9,3
25.4,239,8.7,8.9,0.9,2.6
25.4,239,8.8,8.9,0.9,3.6
25.7,240,8.8,8.9,1.2,2.6
25.9,240,8.9,8.9,0.9,2.8
25.8,240,8.9,8.9,0.8,2.6
26,240,9,8.9,0.8,2.4
26.1,240,9,8.9,0.8,2.2
26.4,240,9.1,8.9,0.9,2.6
26.6,240,9.1,8.9,0.9,2.4
26.5,240,9,8.9,0.9,2.6
25.9,239,9.1,8.9,1.1,2
25.4,239,9.4,8.9,1.1,3.6
25.8,239,9.2,8.9,1.1,5.2
26.1,239,9,8.9,0.9,4.3
26,239,9,8.9,1,4
25.9,239,9,8.9,0.9,3.5
25.8,239,8.9,8.9,1,3.4
25.8,240,8.8,8.9,1,3.5
25.7,239,8.8,8.9,0.9,3.5
25.6,239,8.8,8.9,0.9,3.7
25.6,240,8.8,8.9,2.4,3.7
25.5,239,8.7,8.9,1.3,3.7
25.4,239,8.8,8.9,1,3.9
25.4,239,8.8,8.9,1,3.4
25.6,239,8.9,8.9,1,3.8
25.6,240,8.9,8.9,0.9,2.9
25.8,240,8.9,8.9,0.9,3.9
25.8,239,9,8.9,0.8,3
25.7,239,9.1,8.9,1.7,3
25.8,239,9.1,8.9,0.9,3.1
25.9,240,9.1,8.9,1,2.8
25.9,239,9.3,8.9,1.1,3.9
26.1,240,9.3,8.9,1.1,3.3
26.2,240,9.3,8.9,1.3,3.9
26.1,240,9.1,8.9,1.1,4.2
25.9,240,9.1,8.9,1,4.1
25.9,240,9,8.9,1,4.7
25.8,240,9.1,8.9,1.2,4.8
25.7,240,9.1,8.9,1,3.5
25.6,240,9,8.9,1,4.1
25.6,240,8.9,8.9,0.9,3.3
25.6,240,8.8,8.9,0.9,3.9
25.5,240,8.8,8.9,1,3.9
25.4,240,8.8,8.9,0.9,3.7
25.3,240,8.8,8.9,0.9,3.7
25.3,240,8.8,8.9,1.4,3.5
25.2,240,8.8,8.9,0.9,3.7
25.2,240,8.8,8.9,0.9,3.7
25.3,240,8.9,8.9,0.9,3
25.3,240,8.9,8.9,1,3.1
25.4,240,8.9,8.9,1,3.1
25.5,240,8.9,8.9,0.9,3.3
25.7,240,8.9,8.9,0.9,3.1
25.8,240,9,8.9,1,3.3
25.8,240,9,8.9,1,3.3
25.9,240,9.1,8.9,1.1,3.7
26,240,9.1,8.9,1.1,4.4
25.9,240,9.1,8.9,1.1,6.3
25.8,240,9.1,8.9,1.2,4.7
25.7,240,9,8.9,1.1,4.1
25.6,240,9,8.9,1,5.6
25.7,240,9,8.9,1.3,6.1
25.6,240,8.9,8.9,1.3,5.6
25.6,240,8.8,8.9,1.3,4.5
25.5,240,8.9,8.9,1.1,4.8
25.4,240,8.8,8.9,1.2,5.3
25.4,240,8.8,8.9,1.3,4.8
25.3,240,8.8,8.9,1.3,4.6
25.2,240,8.8,8.9,1.2,4.8
25.2,240,8.7,8.9,1,5.2
25.1,240,8.7,8.9,1.4,4.3
25.1,240,8.8,8.9,1.4,4.3
25.2,240,8.8,8.9,1.1,6.1
25.3,240,8.9,8.9,1.1,4.6
25.4,240,8.9,8.9,1.2,3.5
25.5,240,8.9,8.9,1.1,3.9
25.6,240,9,8.9,1.1,3.5
25.5,240,9.1,8.9,1.2,3.1
25.8,240,9.1,8.9,1,3.1
25.8,240,9.2,8.9,1.1,3.3
25.8,240,9.3,8.9,1.1,3.6
25.8,240,9.3,8.9,1.1,4.1
25.7,240,9.2,8.9,1.1,3.5
25.6,240,9.1,8.9,1,3.8
25.8,240,9.1,8.9,1.2,4.6
25.8,241,8.9,8.9,1.2,4.6
25.8,241,8.9,8.9,1.1,4.4
25.7,241,8.9,8.9,1.1,3.7
25.7,241,8.8,8.9,1,4
25.7,240,8.7,8.9,1,5
25.6,240,8.8,8.9,1.1,3.8
25.5,240,8.8,8.9,1,4.1
25.4,239,8.8,8.9,1.2,3.7
25.3,239,8.7,8.9,1.1,4.2
25.2,239,8.7,8.9,1.4,3.4
25.3,239,8.7,8.9,1.1,3.3
25.3,239,8.8,8.9,1.2,3.7
25.4,240,8.7,8.9,1.2,3.1
25.5,240,8.8,8.9,1,3.4
25.4,239,8.8,8.9,1.2,3.1
25.4,239,8.9,8.9,1.3,3.2
25.5,239,9,8.9,1.3,3.1
25.3,239,9.1,8.9,1.4,2.5
26.2,240,8.9,8.9,1.5,2.7
26.3,240,8.9,8.9,1.2,2.5
26,240,9.1,8.9,1.3,4.2
25.8,240,9.1,8.9,1.3,4
25.8,240,8.9,8.9,1.1,3.5
25.4,239,9,8.9,1.3,3.4
25.3,239,9,8.9,1.2,4.2
25.3,240,8.9,8.9,1.3,4.2
25.3,239,8.9,8.9,1.3,4.2
25.4,240,8.8,8.9,1.6,3.6
25.3,240,8.7,8.9,1.2,4.6
25.5,240,8.7,8.9,1.2,4
25.5,240,8.7,8.9,1.2,4.1
25.5,240,8.7,8.9,1.2,4.5
25.4,240,8.6,8.9,1.2,4
25.4,240,8.7,8.9,1.4,3.4
25.3,240,8.7,8.9,1.4,3.6
25.4,240,8.7,8.9,1.4,4
25.4,240,8.7,8.9,1.1,3.6
25.6,240,8.8,8.9,1.1,2.9
25.8,240,8.7,8.9,1.1,2.5
25.8,240,8.7,8.9,1.1,2.5
25.7,240,8.9,8.9,1.2,2.7
26.1,240,9,8.9,1.1,2
25.9,240,8.8,8.9,1.1,2.2
25.8,240,8.9,8.9,1.4,3.3
25.9,240,8.9,8.9,1.3,3.5
25.9,240,8.9,8.9,1.2,2.7
25.7,240,8.9,8.9,1.2,2.7
25.6,240,8.8,8.9,1.2,3.8
25.5,240,8.8,8.9,1.2,3.8
25.4,240,8.7,8.9,1.1,3.1
25.4,240,8.7,8.9,1.6,3.6
25.4,240,8.7,8.9,1.1,2.7
25.3,240,8.7,8.9,1.5,3.2
25.2,240,8.6,8.9,1,2.5
25.2,240,8.7,8.9,1.1,3.2
25.1,240,8.7,8.9,1.2,3.4
25.1,240,8.6,8.9,2,3
25,240,8.6,8.9,1.2,3.1
25,240,8.6,8.9,1.1,3.4
25.1,240,8.7,8.9,1.3,2.9
25.2,240,8.7,8.9,1.2,2.7
25.4,240,8.7,8.9,1.1,3.4
25.7,241,8.7,8.9,1.1,2.3
25.6,240,8.8,8.9,1.1,2.9
25.6,240,8.9,8.9,1.1,2
25.5,240,8.9,8.9,1.1,2.3
25.6,240,9,9,1.3,2.6
25.6,240,8.9,8.9,1.2,2.3
26.1,241,8.9,8.9,1.3,2.9
26.4,241,8.7,8.9,1.3,3.2
26.3,241,8.6,8.9,1.3,2.5
26.3,241,8.6,8.9,1.3,3.2
26.2,241,8.5,8.9,1.2,4.7
26.2,241,8.5,8.9,1.2,2.8
26,241,8.6,8.9,1.3,2.8
25.9,241,8.5,8.9,1.1,3.4
25.8,241,8.5,8.9,1.5,3
25.7,241,8.4,8.9,1.1,4.7
25.6,241,8.4,8.9,1.2,4.7
25.6,241,8.4,8.9,1.1,3.4
25.5,241,8.4,8.9,1.2,2.5
25.4,240,8.4,8.9,1.4,2.8
25.5,241,8.4,8.9,1.2,3.9
25.4,241,8.4,8.9,1.3,3.9
25.4,241,8.4,8.9,1.3,3.2
25.4,241,8.4,8.9,2.2,5.3
25.5,241,8.5,8.9,1.2,5.7
25.5,241,8.5,8.9,1.2,3.4
25.7,241,8.6,8.9,1.2,3
25.8,241,8.6,8.9,1.2,2.1
26,241,8.6,8.9,1.1,3
26.2,241,8.6,8.9,1.2,3.2
26,241,8.6,8.9,1.1,3.2
26,241,8.6,8.9,1.2,3.2
25.9,241,8.5,8.9,1,4.2
25.9,241,8.5,8.9,1,2.7
25.8,241,8.5,8.9,1,2.8
25.7,241,8.4,8.9,0.9,4.5
25.7,241,8.4,8.9,1,5.3
25.6,241,8.4,8.9,1.5,3.3
25.5,241,8.4,8.9,1.1,3.9
25.5,241,8.3,8.9,1,2.6
25.4,241,8.3,8.9,1.1,8.6
25.4,241,8.4,8.9,1.1,5.7
25.3,241,8.4,8.9,1.1,4.2
25.3,241,8.4,8.9,1.1,5
25.2,241,8.4,8.9,1.2,3.5
25.2,241,8.4,8.9,1.2,3
25.2,241,8.5,8.9,1.6,3
25.3,241,8.5,8.9,1.2,3.6
25.4,240,8.5,8.9,1.1,3.2
25.4,240,8.6,8.9,1.3,3.4
25.5,240,8.6,8.9,1.5,3.4
25.6,240,8.6,8.9,1.5,3.7
25.6,240,8.6,8.9,1.5,4.8
25.4,240,8.6,8.9,1.5,5.7
25.4,240,8.6,8.9,1.6,4.9
25.3,240,8.5,8.9,1.6,5.2
25.3,240,8.5,8.9,1.5,5
25.3,240,8.5,8.9,1.4,6.5
25.2,240,8.4,8.9,1.4,7.3
25.2,240,8.3,8.9,1.6,8.9
25.2,240,8.4,8.9,1.4,6.6
25.1,240,8.3,8.9,1.4,5.3
25,240,8.3,8.9,2.2,7.4
25,240,8.2,8.9,1.4,5.1
24.9,240,8.2,8.9,1.4,5.9
24.9,240,8.1,8.9,1.1,4.4
24.8,240,8.1,8.9,1.3,4.4
24.8,240,8.2,8.9,1.4,3
24.7,240,8.2,8.9,4,3.9
24.7,240,8.1,8.9,1.6,3.9
24.7,240,8.2,8.9,1.5,6
24.8,240,8.3,8.9,1.4,5
25,240,8.4,8.9,1.4,4.9
25.1,240,8.4,8.9,1.4,5
25.1,240,8.5,8.9,1.4,4
25.1,240,8.5,8.9,1.4,5
25.4,240,8.5,8.9,1.3,4.2
24.8,240,8.5,8.9,1.6,5
24.8,240,8.4,8.9,2.3,5.3
24.7,240,8.4,8.9,1.7,5
24.7,240,8.3,8.9,1.6,6.7
24.6,240,8.3,8.9,2,8.6
24.6,240,8.3,8.9,1.6,7
24.6,240,8.3,8.9,1.4,3.7
24.5,240,8.3,8.9,1.7,5.6
24.5,240,8.2,8.9,1.5,8
24.4,240,8.2,8.9,1.4,5.6
24.4,240,8.2,8.9,1.9,4.8
24.3,240,8.1,8.9,1.6,4.6
24.3,240,8,8.9,1.2,7.2
24.2,240,7.9,8.9,1.4,4.3
24.1,240,8,8.9,1.4,5.5
24.1,240,8.1,8.9,1.6,2.6
24.2,240,8,8.9,,3.6
24.3,240,8.1,8.9,1.4,3.5
24.3,240,8.3,8.9,1.3,4.2
24.4,240,8.3,8.9,1.4,3
24.6,240,8.4,8.9,1.3,4
24.6,240,8.4,8.9,1.1,3.7
24.5,240,8.3,8.9,1.3,3.6
24.8,240,8.3,8.9,1.2,3.3
24.6,240,8.4,8.9,1.3,3.5
24.6,240,8.4,8.9,1.2,3.5
24.4,240,8.4,8.9,1.4,4
24.4,240,8.4,8.9,1.3,3.7
24.4,240,8.3,8.9,1.4,5
24.3,240,8.3,8.9,1.4,4.7
24.3,240,8.3,8.9,1.3,4.2
24.2,240,8.3,8.9,1.3,4.5
24.2,240,8.2,8.9,1.1,3.5
24.2,240,8.2,8.9,1.1,4
24.1,240,8.1,8.9,1.2,3.5
24,240,8.2,8.9,1.4,3.8
24,240,8.1,8.9,1.3,4.4
24,240,8.1,8.9,1.3,4.3
23.9,240,8.1,8.9,1.2,3.6
23.9,240,8,8.9,1.3,4.7
23.9,240,8,8.9,1.1,3.6
24,240,8.1,8.9,1.1,3.4
24,240,8.1,8.9,1.3,2.6
24.1,241,8,8.9,1.1,2.9
24.3,240,8.2,8.9,1.1,2.4
24.8,241,8.2,8.9,1,2.4
25.2,241,8.3,8.9,1,3.8
24.7,241,8.3,8.9,1.1,2.8
24.5,240,8.3,8.9,1.2,3.1
24.9,241,8.3,8.9,1.1,3
24.5,240,8.4,8.9,1.1,3.3
24.6,241,8.3,8.9,1,7.7
24.4,240,8.3,8.9,1.1,4.4
24.4,240,8.3,8.9,1.4,5.9
24.3,240,8.3,8.9,1,4.2
24.3,240,8.3,8.9,1.1,3.1
24.2,240,8.2,8.9,1.4,3.1
24.1,240,8.2,8.9,1.1,3.7
24,240,8.2,8.9,1.4,4.2
24,240,8.2,8.9,1.6,3.8
23.9,240,8.1,8.9,1.2,4.2
23.8,240,8,8.9,1.6,5
23.7,240,8,8.9,1.3,3.3
23.8,240,8.1,8.9,1.3,2.6
23.8,240,8.2,8.9,1.1,5.1
23.9,240,8.2,8.9,1.4,3.1
24,240,8.2,8.9,1.1,3.8
24,240,8.3,8.9,1,3.1
24.1,240,8.3,8.9,1.2,3.3
24.1,240,8.3,8.9,1.1,2.9
24.3,241,8.3,8.9,1.6,2.1
24.5,241,8.4,8.9,1.2,2.7
24.7,241,8.4,8.9,1.1,2.9
24.5,241,8.4,8.9,1.4,3.1
24.3,240,8.5,8.9,1.3,3.5
24.2,240,8.5,8.9,1.4,4.1
24.1,240,8.4,8.9,1.4,4.3
24.1,240,8.5,8.9,1.3,5
24,240,8.4,8.9,1.4,5.5
23.9,240,8.4,8.9,1.7,5.2
23.9,239,8.4,8.9,1.3,4.8
23.9,240,8.4,8.9,1,5.7
23.8,239,8.4,8.9,1.1,3.8
23.8,239,8.3,8.9,1.2,5.2
23.8,240,8.3,8.9,1.3,4.3
23.7,240,8.3,8.9,1.5,9.5
23.7,240,8.3,8.9,1.3,2.8
23.8,240,8.3,8.9,1.3,4.2
23.8,239,8.4,8.9,1.3,3.1
23.9,240,8.5,8.9,1.3,3.3
23.9,240,8.5,8.9,1.3,2.8
24,240,8.5,8.9,1.2,3.6
24.1,240,8.4,8.9,1.3,2.4
24.2,240,8.4,8.9,1.4,2.8
24.2,240,8.4,8.9,1.5,3.5
24.1,240,8.5,8.9,1.7,4.3
24.1,240,8.5,8.9,1.7,4.7
24.2,240,8.6,8.9,1.8,4.3
24.2,240,8.6,8.9,1.9,4.8
24.1,240,8.5,8.9,1.8,4.7
24,240,8.5,8.9,2,5.2
23.8,240,8.3,8.9,1.8,6
23.8,240,8.3,8.9,1.7,5
23.8,240,8.3,8.9,2.7,5.5
23.7,240,8.2,8.9,2.2,5.5
23.7,240,8.2,8.9,1.9,7
23.6,240,8.1,8.9,1.9,7.7
23.6,240,8.1,8.9,2.1,5.2
23.5,240,8.1,8.9,2,6
23.4,240,8,8.8,1.9,5.3
23.4,240,8,8.9,2.1,5.5
23.3,240,8.1,8.9,1.8,5.5
23.3,240,8.1,8.9,1.9,3.8
23.4,240,8.1,8.9,1.6,3.8
23.4,240,8.1,8.9,1.9,4.1
23.5,240,8.2,8.9,1.9,4.3
23.5,240,8.2,8.9,1.8,3.9
23.6,240,8.3,8.9,1.9,4.6
23.8,240,8.3,8.9,1.6,4.1
23.8,240,8.3,8.9,2.1,4.1
24,240,8.4,8.9,1.7,2.5
23.8,240,8.4,8.9,1.8,4.8
23.7,240,8.4,8.9,1.9,4.6
23.6,240,8.4,8.9,2,6.7
23.4,240,8.3,8.9,2,10.2
23.5,240,8.3,8.9,2.1,7.9
23.4,240,8.2,8.9,2.4,8
23.3,240,8,8.9,2.1,5.6
23.3,240,8.1,8.9,2.4,7.5
23.3,240,8.1,8.9,2.2,6.6
23.2,240,8.1,8.9,2.3,6.8
23.1,240,8,8.9,2.3,7.2
23.1,240,8,8.9,2.3,6.3
23,240,7.9,8.9,2.7,6.1
23,240,7.9,8.8,2.4,6
23,240,7.9,8.9,2,5.5
23,241,7.9,8.8,2.5,5.6
23.2,240,8.1,8.9,2,3.3
23.3,240,8.2,8.9,2.1,3.6
23.4,240,8.3,8.9,1.6,3.4
23.7,240,8.4,8.9,1.6,6.5
23.5,240,8.4,8.9,1.8,5.1
23.4,240,8.5,8.9,1.9,4.9
23.4,240,8.4,8.9,2,3.9
23.3,240,8.6,8.9,2,5.5
23.3,240,8.6,8.9,1.9,4.8
23.2,240,8.5,8.9,1.6,4.6
23.8,240,8.6,8.9,2,5.1
23.7,241,8.4,8.9,1.5,5.8
23.6,240,8.4,8.9,2,4.8
23.6,241,8.3,8.9,1.6,4.6
23.6,241,8.3,8.9,2,6.7
23.5,241,8.4,8.9,1.8,4.6
23.4,240,8.4,8.9,1.8,4.6
23.3,241,8.3,8.9,1.8,4.4
23.3,241,8.2,8.9,1.7,4.9
23.2,241,8.2,8.9,1.8,4.9
23.2,241,8.1,8.9,1.7,4.9
23.2,241,8.2,8.9,1.8,4.1
23.1,241,8.2,8.9,1.8,3.9
23.2,241,8.2,8.9,1.2,3.4
23.2,240,8.3,8.9,1.8,5.1
23.2,241,8.3,8.9,1.8,4.1
23.2,240,8.5,8.9,1.8,5.4
23.2,241,8.2,8.9,2,5.4
23.3,241,8.4,8.9,2,5.1
23.9,241,8.4,8.9,1.5,4.4
24,241,8.5,8.9,1.5,3.6
24.2,241,8.6,8.9,1.6,6
24.1,242,8.6,8.9,1.3,3.4
24.2,241,8.6,8.9,1.3,4.9
24.1,242,8.5,8.9,1.4,6.1
24,242,8.4,8.9,1.2,2.5
23.9,242,8.3,8.9,1.2,2.4
23.8,241,8.5,8.9,1.5,4.4
23.8,241,8.5,8.9,1.5,4.2
23.8,241,8.5,8.9,1.6,4.6
23.7,241,8.5,8.9,1.6,4.4
23.7,241,8.4,8.9,1.5,5.7
23.6,241,8.4,8.9,1.7,4.9
23.5,240,8.4,8.9,1.6,4.7
23.4,240,8.4,8.9,1.6,4.7
23.4,240,8.3,8.9,1.5,4.2
23.4,240,8.4,8.9,1.6,4.4
23.5,240,8.4,8.9,1.3,4.9
23.6,241,8.5,8.9,1.3,5.1
23.7,240,8.5,8.9,2.3,5.6
23.7,240,8.6,8.9,1.5,4.1
23.7,240,8.6,8.9,1.5,4.2
25.2,241,8.5,8.9,1.1,2
24.2,240,8.7,8.9,1.1,2.7
24.8,240,8.9,8.9,2,2.3
24.4,241,8.8,8.9,1.1,4.9
24.3,240,8.8,8.9,1.4,3.5
24.2,240,8.8,8.9,1.4,3.7
24.3,240,8.8,8.9,1.3,4.3
24,240,8.6,8.9,1.4,5.2
23.8,240,8.6,8.9,1.4,4.4
23.6,240,8.5,8.9,1.4,6.4
24,241,8.5,8.9,1.3,4
23.9,241,8.5,8.9,1.5,4
24.5,241,8.4,8.9,1.6,3.3
24.3,241,8.4,8.9,1.4,2.8
24.3,241,8.4,8.9,1.3,3.3
24.2,241,8.4,8.9,1.3,3.7
24,241,8.4,8.9,1.3,4.8
24,241,8.4,8.9,1.4,4
23.9,241,8.4,8.9,1.3,4.3
24,241,8.5,8.9,1.3,2.3
23.8,241,8.5,8.9,1.5,2.5
23.8,241,8.5,8.9,1.4,2.5
24,241,8.5,8.9,1.6,3.3
24,241,8.5,8.9,1.4,2.7
23.7,241,8.5,8.9,1.7,2.8
24.2,241,8.5,8.9,1.4,3.4
24.2,241,8.6,8.9,1.5,2.9
24,241,8.5,8.9,1.7,3.5
24.1,241,8.7,8.9,1.8,3.3
24.1,241,8.4,8.9,1.7,4.2
23.8,241,8.2,8.9,2.1,4
23.7,242,8.2,8.9,2.1,5.4
23.7,241,8.2,8.9,2.1,7
23.6,241,8.1,8.8,2.3,4.5
23.6,242,8.1,8.9,1.8,3.5
23.5,241,8.1,8.9,1.9,5
23.5,241,8,8.9,2.1,6.2
23.4,241,8,8.9,2.1,4.3
23.4,242,7.9,8.8,1.8,4.5
23.3,242,7.9,8.8,1.7,5.5
23.3,241,8,8.8,1.9,5.7
23.2,241,8,8.8,2.1,4.9
23.2,242,8,8.8,2.1,2.2
23.3,242,8,8.8,1.7,4.3
23.4,242,8.1,8.9,1.6,3.5
23.6,241,8.2,8.9,1.7,3.3
23.6,242,8.2,8.9,1.6,2.5
23.6,242,8.2,8.9,1.7,2.8
23.7,242,8.3,8.9,1.8,2.8
23.6,242,8.3,8.9,1.6,3.5
23.9,242,8.2,8.9,1.8,3.2
23.9,242,8.1,8.9,1.8,3.3
23.7,242,8.1,8.8,2.1,4
23.6,242,8,8.9,2,3.5
23.4,242,8,8.8,1.9,4.3
23.3,242,7.9,8.8,2.1,4.6
23.4,242,7.9,8.8,2.5,4.7
23.3,242,7.9,8.8,2.4,4.5
23.3,242,7.8,8.8,2.3,5.8
23.2,242,7.8,8.8,2.2,4.3
23.2,242,7.8,8.8,2,4.2
23.1,242,7.8,8.8,2,4.2
23,242,7.7,8.8,1.8,5.3
23,242,7.7,8.8,2,4.3
22.9,242,7.7,8.8,1.9,4.3
22.8,242,7.7,8.8,2,3.3
22.8,242,7.7,8.8,1.6,4.3
22.8,242,7.7,8.8,2,3.4
22.9,242,7.7,8.8,1.7,3.3
23,242,7.8,8.8,1.7,3.1
23.1,242,7.8,8.8,1.8,2.8
23.3,242,7.9,8.8,1.7,2.8
23.5,243,7.9,8.8,1.5,3.5
23.1,242,8,8.8,1.8,2.7
23.7,242,8.1,8.8,1.5,2.2
23.7,243,8,8.8,1.8,2.8
23.5,242,8.1,8.8,1.4,3.5
23.4,242,8,8.8,1.7,3.2
23.2,242,8,8.8,1.6,3.3
23.2,242,7.9,8.8,1.7,2.8
23,242,7.8,8.8,1.9,3.6
23,242,7.8,8.8,1.9,4
22.9,242,7.8,8.8,1.7,3.3
22.8,242,7.7,8.8,1.6,3.2
22.8,242,7.7,8.8,1.7,3.8
22.8,242,7.6,8.8,1.5,2.5
22.7,242,7.7,8.8,2,3.3
22.6,242,7.6,8.8,1.7,3.3
22.6,242,7.5,8.8,1.7,2.2
22.6,242,7.5,8.8,1.7,2
22.6,242,7.6,8.8,1.9,3.7
22.6,241,7.6,8.8,1.6,2.5
22.7,242,7.7,8.8,1.7,3
22.8,241,7.7,8.8,1.6,2.3
22.8,242,7.8,8.8,1.7,2.8
23,242,7.8,8.8,1.6,2.5
23.1,242,7.8,8.8,1.7,1.7
23,242,7.8,8.8,1.8,2.8
23.1,242,8,8.8,1.8,3.2
23.2,242,8,8.8,1.7,3.5
23.2,242,8.1,8.8,1.9,3.5
23,242,8,8.8,2.7,3.6
22.8,242,7.8,8.8,2.3,3.1
22.7,242,7.7,8.8,2.2,3.6
22.7,242,7.7,8.8,2.2,4.4
22.6,242,7.7,8.8,1.9,4
22.6,242,7.7,8.8,2,5.1
22.6,242,7.7,8.8,2.3,3.8
22.6,242,7.6,8.8,2.2,3.6
22.5,242,7.6,8.8,1.9,4.8
22.5,242,7.6,8.8,1.9,3.4
22.5,242,7.6,8.8,2.1,4.3
22.4,242,7.6,8.8,2,3.5
22.4,242,7.5,8.8,1.6,4.1
22.4,242,7.5,8.8,1.8,3.9
22.5,242,7.6,8.8,2.2,3.1
22.5,242,7.6,8.8,1.9,3.1
22.6,242,7.7,8.8,1.9,3
22.7,242,7.7,8.8,1.9,2.9
22.7,242,7.8,8.8,1.8,2.8
22.9,242,7.8,8.8,1.8,2.2
22.9,242,7.8,8.8,1.9,2.6
23.2,242,8,8.8,1.8,2.4
23.3,242,8,8.8,1.8,2.6
23.1,242,8,8.8,2,2.8
22.9,242,7.9,8.8,2.3,3.3
22.8,242,7.8,8.8,2.4,4.6
22.8,242,7.8,8.8,2.4,3.3
22.8,242,7.8,8.8,2.3,4.8
22.7,242,7.8,8.8,2.5,3.8
22.7,242,7.8,8.8,2.2,3.8
22.6,242,7.8,8.8,2.1,3.5
22.6,242,7.8,8.8,1.9,2.9
22.5,242,7.7,8.8,1.6,4
22.4,242,7.6,8.8,1.6,3
22.3,242,7.6,8.8,2,3
22.3,242,7.6,8.8,1.7,3.6
22.3,243,7.5,8.8,1.6,3
22.3,242,7.7,8.8,2.3,3.4
22.3,242,7.6,8.8,1.7,2.6
22.5,242,7.8,8.8,1.8,2.6
22.5,242,7.8,8.8,1.7,3
22.5,242,7.8,8.8,1.8,3.2
22.5,242,7.8,8.8,1.7,3.1
22.8,243,7.9,8.8,1.5,2.3
22.9,243,8,8.8,1.6,2.5
22.8,243,7.9,8.8,1.7,2.9
22.7,242,8,8.8,1.6,2.9
22.6,243,7.9,8.8,2,2.8
22.4,243,7.8,8.8,2.4,2.9
22.4,243,7.6,8.8,2.6,3.4
22.3,243,7.6,8.8,2.7,5.7
22.3,243,7.5,8.8,2.6,6
22.3,243,7.5,8.8,2.5,5.7
22.3,243,7.4,8.8,2.6,3.6
22.2,243,7.4,8.8,2.8,4.9
22.2,243,7.5,8.8,2.8,4.1
22.1,243,7.5,8.8,2.6,4.4
22.1,243,7.4,8.8,2.5,4.6
22,243,7.4,8.8,2.3,3.3
22,243,7.3,8.7,2.5,3.1
21.9,243,7.3,8.7,2.5,4.6
21.9,243,7.2,8.7,2.2,3.8
21.9,243,7.2,8.7,2.3,2.3
21.9,243,7.3,8.7,2.2,3.4
21.9,243,7.4,8.7,2.5,3.9
21.9,243,7.5,8.7,2.9,6.7
22,243,7.6,8.7,2.8,4.4
22,243,7.5,8.7,2.5,3.2
22,243,7.5,8.7,2.4,2.9
21.9,243,7.5,8.7,2.5,2.8
21.9,243,7.5,8.7,2.9,3.4
21.9,243,7.5,8.7,2.9,2.9
21.8,243,7.6,8.7,3,3.1
21.7,243,7.6,8.7,2.7,3.4
21.6,243,7.5,8.7,2.8,4.2
21.6,244,7.4,8.7,2.4,4.2
21.6,243,7.4,8.7,3.1,2.8
21.6,243,7.4,8.7,3.2,3.4
21.5,244,7.4,8.7,2.6,3.2
21.5,243,7.4,8.7,2.9,3.7
21.5,244,7.2,8.7,2.5,7.1
21.4,243,7.3,8.7,3,3.8
21.4,244,7.2,8.7,2.5,2.6
21.3,244,7.2,8.7,2.7,5.8
21.3,243,7.3,8.7,2.8,3.1
21.2,243,7.3,8.7,2.9,4
21.2,243,7.4,8.7,2.8,3.4
21.2,242,7.4,8.7,2.7,2.8
21.4,244,7.5,8.7,2.4,3.2
21.5,244,7.6,8.7,2.6,5
21.8,244,7.6,8.7,2.3,3.6
21.9,245,7.7,8.7,2.4,3.5
21.6,244,7.6,8.7,2.5,3.6
21.5,244,7.6,8.7,2.9,3.9
21.5,244,7.7,8.7,2.9,3.9
21.6,244,7.7,8.7,2.9,3.7
21.4,244,7.7,8.7,3.2,4.7
21.4,244,7.7,8.7,3.3,5.1
21.3,244,7.7,8.7,2.9,6.3
21.4,244,7.7,8.7,3,7.6
21.4,244,7.7,8.7,3.2,6.6
21.4,244,7.7,8.7,3,4.5
21.3,244,7.7,8.7,2.7,8.8
21.3,244,7.7,8.7,3,5.6
21.2,244,7.7,8.7,2.9,5.8
21.2,244,7.7,8.7,2.8,6.2
21.1,244,7.6,8.7,2.8,5.4
21.1,244,7.6,8.7,2.6,5.1
21,244,7.6,8.7,2.8,5.1
21,244,7.6,8.7,2.8,5.1
21.1,244,7.7,8.7,2.9,3.6
21.3,244,7.7,8.7,3,5.1
21.4,244,7.8,8.7,2.7,4.9
22.1,245,7.9,8.7,2.6,5.9
22.1,245,7.9,8.7,2.2,2.9
22,244,8,8.7,2.3,3.5
21.8,244,8.1,8.7,2.2,3.7
21.9,244,8.2,8.7,2.1,4.1
22.6,245,8.1,8.7,1.8,3
21.5,244,8.2,8.8,2.2,4.6
21.4,244,8.2,8.8,2.2,4.1
21.3,244,8.2,8.8,2.2,7.1
21.3,244,8.1,8.7,4.6,8.5
22.4,245,8.3,8.8,2.1,4
22.4,245,8.2,8.7,2,3.5
22.4,245,8.2,8.7,1.9,4.1
22.3,245,8.2,8.7,1.9,4.6
22.2,245,8.2,8.7,1.8,4.9
22.1,245,8.2,8.7,1.9,3.1
22,245,8.2,8.7,1.8,4.4
21.9,245,8.2,8.7,1.8,4.8
21.8,245,8.1,8.7,1.9,4
21.7,245,8.1,8.7,1.8,4.7
21.7,245,8.2,8.7,1.8,3.8
21.8,245,8.2,8.7,1.8,3.5
21.8,245,8.2,8.8,1.7,3.4
21.8,244,8.2,8.8,1.7,4.2
21.8,244,8.2,8.8,1.8,4.2
21.6,244,8.3,8.8,1.8,3.5
22.2,245,8.3,8.8,1.6,3.4
22.8,245,8.3,8.8,1.5,2.5
22.7,245,8.4,8.8,1.7,3.4
22.2,244,8.4,8.8,1.8,3.5
23,245,8.4,8.8,1.5,2.4
23.3,246,8.4,8.7,1.6,2.8
22.9,245,8.5,8.8,1.5,3.4
22.9,245,8.5,8.8,1.8,3.1
22.7,245,8.5,8.8,1.6,2.9
22.7,245,8.4,8.8,1.6,3.4
22.6,245,8.4,8.8,1.7,3.4
22.6,245,8.4,8.8,1.6,2.6
22.5,245,8.4,8.8,1.5,3.8
22.3,245,8.4,8.8,1.5,3.5
22.3,245,8.4,8.8,1.5,4.4
22.1,245,8.3,8.8,1.4,3.8
22,245,8.3,8.8,1.3,3
21.9,245,8.3,8.8,1.7,2.4
22,245,8.3,8.8,1.3,2.2
22,245,8.3,8.8,1.3,2
22.1,245,8.3,8.8,1.5,3.5
22.2,245,8.4,8.8,1.4,2.9
22.9,245,8.4,8.8,1.2,2.4
23.1,245,8.4,8.8,1.1,2.6
23.2,245,8.5,8.8,1.2,2.6
23.1,245,8.6,8.8,1.2,3.4
22.2,244,8.6,8.8,1.7,2.6
22.2,244,8.7,8.8,1.7,2.6
22.7,245,8.7,8.8,1.6,2.8
22.4,245,8.7,8.8,1.5,2.8
23.2,245,8.8,8.8,1.4,3.1
23.4,245,8.7,8.8,1.4,3.2
23.4,246,8.7,8.8,1.4,2.6
23.3,246,8.7,8.8,1.2,1.8
23.3,245,8.7,8.8,1.4,2.2
23.2,245,8.7,8.8,1.4,2.5
23.1,245,8.6,8.8,1.3,2.2
23,245,8.6,8.8,1.2,2.8
22.9,245,8.6,8.8,1.4,2.4
22.8,245,8.6,8.8,1.2,2.8
22.8,245,8.5,8.8,1.4,2.8
22.7,245,8.5,8.8,1.3,2.8
22.7,245,8.5,8.8,1.2,2.6
22.8,245,8.6,8.8,1.2,3.8
23,245,8.7,8.8,1.1,1.3
23,246,8.7,8.8,1.1,2.3
23.7,246,8.7,8.8,1.2,1.9
23.3,246,8.8,8.8,1,2.5
23.3,245,8.8,8.8,1.1,2.4
23.7,246,8.8,8.8,1.2,2.1
24,246,8.8,8.8,1,1.9
23.8,246,8.8,8.8,1,1.7
22.9,245,8.9,8.8,1.3,2.6
23.2,245,9,8.8,1.4,2.8
23.6,246,8.9,8.8,1.4,2.6
23.7,246,8.9,8.8,1.4,3.8
24,246,8.9,8.8,1.4,2.4
23.8,246,8.8,8.8,1.4,1.7
23.9,246,8.8,8.8,1.3,2.4
23.8,246,8.8,8.8,1.4,3.6
23.7,246,8.8,8.8,1.5,3.6
23.6,246,8.8,8.8,1.6,3
23.5,246,8.7,8.8,1.4,3.2
23.4,246,8.7,8.8,1.4,2.5
23.4,246,8.7,8.8,1.4,3.6
23.2,246,8.6,8.8,1.3,3.8
23.2,246,8.8,8.8,1.3,3
23.3,246,8.7,8.8,1.2,3
23.3,246,8.8,8.8,1.3,6.7
23.3,246,8.8,8.8,1.4,2.9
23.6,246,8.8,8.8,1.1,2.1
23.7,246,8.9,8.8,1.2,2.4
23.6,246,9,8.8,1.2,2.2
24,246,9,8.8,1.1,2.4
24,246,9,8.8,1.2,1.6
24.1,246,8.9,8.8,1,1.4
23.9,246,8.9,8.8,1,1.9
23.9,246,9,8.8,0.9,2.2
23.8,246,9,8.8,1,2.3
23.8,246,9,8.8,1.1,4.2
23.9,246,9,8.8,1.1,3.6
23.9,246,8.9,8.8,1,2.6
23.8,246,8.9,8.8,0.9,3.7
23.7,246,8.9,8.8,0.8,1.8
23.6,246,8.9,8.8,1,2.3
23.6,246,8.8,8.8,0.9,3
23.5,246,8.8,8.8,0.9,2.8
23.4,246,8.8,8.8,0.9,2.4
23.3,246,8.8,8.8,1,7.3
23.2,246,8.8,8.8,1,2.4
23.2,246,8.8,8.8,1,5
23.3,246,8.8,8.8,0.9,2.3
23.5,246,8.9,8.8,0.9,3.5
23.5,246,8.9,8.8,1,2.5
23.7,246,8.9,8.8,0.8,2.7
23.9,246,8.9,8.8,0.7,2.9
23.7,246,9.1,8.8,0.8,2.4
23.4,246,9.1,8.8,1.3,3.6
23.7,246,9.1,8.8,1.6,2.5
24.3,246,9,8.8,1,3
24.1,246,9,8.8,1.1,2.8
23.9,246,9,8.8,1,2.4
23.8,246,9,8.8,0.9,1.7
23.7,246,9,8.8,1.1,4.1
23.7,246,9,8.8,1.1,2.3
23.6,246,9,8.8,0.9,2.6
23.6,246,8.9,8.8,0.9,2.4
23.5,246,8.9,8.8,0.8,2.5
23.4,246,8.9,8.8,0.8,2.6
23.4,246,8.9,8.8,0.9,3.1
23.3,246,8.8,8.8,0.8,2.9
23.3,246,8.8,8.8,0.8,3.4
23.2,246,8.8,8.8,1.1,2.5
23.2,246,8.8,8.8,0.8,2.9
23.2,246,8.8,8.8,0.8,2
23.2,246,8.8,8.8,0.9,2.5
23.2,246,8.8,8.8,0.8,3.6
23.2,246,8.8,8.8,0.7,2.7
23.2,246,8.8,8.8,0.8,3.5
23.1,246,8.8,8.8,0.8,3.7
23,246,8.7,8.8,1,3.5
23,246,8.7,8.8,0.9,5.9
23,246,8.8,8.8,0.9,5.2
23,246,8.8,8.8,0.9,20
23.1,246,8.8,8.8,1.2,5.2
23,246,8.8,8.8,1.1,5.1
23,246,8.8,8.8,1,4.2
22.9,246,8.7,8.8,0.8,3.3
22.8,246,8.7,8.8,0.8,4.8
22.8,246,8.7,8.8,1,3.9
22.8,246,8.6,8.8,1.2,5.3
22.7,246,8.6,8.8,0.7,2.8
22.6,246,8.5,8.8,0.8,4.3
22.6,246,8.5,8.8,1.1,4
22.5,246,8.5,8.8,0.8,5.7
22.5,246,8.5,8.8,1,4.5
22.4,246,8.5,8.8,0.8,4.2
22.4,246,8.5,8.8,0.9,3.9
22.4,246,8.5,8.8,0.8,3
22.5,246,8.5,8.8,1.2,3.8
22.5,246,8.6,8.8,0.8,4.1
22.6,246,8.6,8.8,0.8,4
22.6,246,8.6,8.8,0.8,3.6
22.7,246,8.6,8.8,0.8,3.1
22.8,246,8.6,8.8,0.8,2.3
22.8,246,8.6,8.8,0.9,2.7
23,247,8.6,8.8,1,3.5
23.3,247,8.6,8.8,0.9,3
22.8,247,8.5,8.8,1.3,3.9
22.9,247,8.6,8.8,1.2,3.9
22.7,247,8.5,8.8,1.2,4.7
22.7,247,8.5,8.8,1.5,5.6
22.6,247,8.5,8.8,1.6,4.6
22.5,247,8.4,8.8,1.4,4.3
22.5,247,8.4,8.8,1.4,5.5
22.5,247,8.3,8.8,1.4,5.4
22.4,246,8.3,8.8,1.3,3.9
22.3,247,8.3,8.8,1.8,4.3
22.3,246,8.3,8.8,0.9,4
22.2,246,8.3,8.8,1.3,3.4
22,246,8.3,8.8,1.1,4.1
22,246,8.2,8.8,1.3,4.1
22,246,8.3,8.8,1,5
22,246,8.3,8.8,1.1,2.9
22,246,8.3,8.8,1.2,4.2
22.1,246,8.3,8.8,1.2,3.6
22.2,246,8.2,8.8,1,4
22.2,246,8.3,8.8,1.2,3.6
22.2,246,8.2,8.8,1.3,3.6
22.2,247,8.2,8.8,1.5,4.2
22.2,247,8.2,8.8,1.5,4.6
22.2,247,8.2,8.8,1.6,4
22.1,247,8.2,8.7,1.8,4.6
22.1,247,8.2,8.8,1.7,5.1
22,247,8.1,8.8,1.9,6.4
21.9,247,8.1,8.8,1.8,6.4
21.8,247,8,8.8,1.9,6.4
21.8,247,8,8.8,1.9,7
21.8,247,8,8.7,2.2,5.9
21.7,247,7.9,8.7,2.1,4.7
21.6,247,8,8.7,2.1,4.5
21.5,247,7.8,8.7,2,5.9
21.5,247,7.8,8.7,2.1,4.8
21.4,247,7.7,8.7,2,6.6
21.4,247,7.7,8.7,2.2,5.1
21.3,247,7.6,8.7,2,5
21.3,247,7.6,8.7,2,3.8
21.4,247,7.7,8.7,2,7
21.5,247,7.7,8.7,2,5.5
21.6,247,7.8,8.7,2.2,4.7
21.7,247,7.8,8.7,1.9,4.8
21.8,247,7.9,8.7,2.6,4.1
22.1,247,7.9,8.7,1.7,4.3
22.4,247,8,8.7,1.6,2.7
21.9,247,8,8.7,1.6,3
22.2,247,8.1,8.7,1.5,3.8
22.2,247,8.1,8.7,1.9,5.3
22,247,8.1,8.7,2,4.2
22,247,8.1,8.7,2,5.5
21.9,247,8.1,8.7,2,6.2
21.8,247,8.1,8.7,1.8,6.9
21.8,247,8.1,8.7,2,6.9
21.7,247,8.1,8.7,1.9,7.2
21.7,247,8.1,8.7,2.1,6.3
21.7,247,8,8.7,1.9,8.2
21.6,247,8,8.7,1.9,8.2
21.6,247,8,8.7,2.2,9
21.5,247,8,8.7,2.1,10
21.5,247,8,8.7,2.2,8.9
21.4,247,7.9,8.7,2.1,11.2
21.5,247,8,8.7,2.5,6.1
21.6,247,8,8.7,2.1,5.2
21.7,247,8,8.7,2,5.4
21.9,248,8.1,8.7,2.5,5.6
22.2,248,8.2,8.7,1.8,4.1
22.3,248,8.2,8.8,1.9,7.3
21.9,248,8.2,8.7,2.1,5.2
21.9,248,8,8.7,2.6,4.5
22.1,247,8.1,8.7,2.1,5.7
22.1,248,8,8.7,2,4.6
22.5,248,8.3,8.8,1.7,3.3
22.4,248,8.3,8.7,2,5.7
22.3,248,8.2,8.7,1.7,4.2
22.3,248,8.2,8.7,1.8,5.9
22.1,248,8.2,8.7,1.7,8.4
22,248,8.2,8.7,1.6,7
22,248,8.2,8.7,1.8,4.4
21.9,248,8.2,8.7,1.9,5.4
21.9,248,8.2,8.7,2.1,6.4
21.8,248,8.2,8.7,1.9,5
21.8,248,8.1,8.7,1.6,4
21.7,248,8.1,8.7,2.1,5.3
21.7,248,8.1,8.7,2.1,4.6
21.6,248,8.1,8.7,1.9,4.5
21.6,248,8.1,8.7,2,4.3
21.7,248,8.1,8.7,1.9,4.7
21.8,248,8.2,8.7,1.8,3.8
22.1,248,8.2,8.7,2,4.1
22.3,248,8.2,8.7,1.8,2.7
22.4,248,8.3,8.7,1.7,3.5
22.2,248,8.4,8.7,2.9,2.4
23.3,249,8.3,8.7,1.8,2.7
22.8,248,8.4,8.7,2,2.4
22.7,248,8.5,8.7,1.7,3.3
22.9,248,8.4,8.7,1.7,2.3
22.4,248,8.4,8.7,1.9,3.4
22.4,248,8.4,8.7,1.8,3.9
22,248,8.3,8.7,1.9,5.4
22,248,8.3,8.7,1.8,4.5
21.8,248,8.2,8.7,1.7,3.9
21.8,248,8.3,8.7,1.8,5.3
22.2,248,8.3,8.7,1.7,5.2
22.3,248,8.3,8.7,2,2.9
22.3,248,8.2,8.7,2.3,3.9
22.2,248,8.2,8.7,1.7,4.4
22.2,248,8.2,8.7,1.8,3.6
22.1,248,8.2,8.7,2,4.7
22,248,8.2,8.7,1.7,4.6
22,248,8.1,8.7,1.8,2.4
22.1,248,8.1,8.7,1.6,8
22.2,248,8.3,8.7,1.5,3.3
22.2,248,8.4,8.7,2.1,3.3
22.4,248,8.4,8.8,1.7,3.9
22.6,248,8.4,8.8,2,2.1
22.3,248,8.5,8.7,1.8,3
22,248,8.4,8.7,1.9,4.1
22,247,8.4,8.8,1.7,5.2
21.8,248,8.4,8.7,2,4.4
22,248,8.2,8.7,2.2,3.5
22,248,8.2,8.7,1.9,2.7
22.2,248,8.3,8.7,2.2,4.4
22.2,248,8.3,8.7,2,3.5
22.3,248,8.3,8.7,1.9,2.6
22.3,248,8.3,8.7,2.1,5.2
22.2,248,8.3,8.7,1.6,2.3
22.1,248,8.3,8.7,2,3.3
22.1,248,8.2,8.7,1.8,4.2
22,248,8.2,8.7,2,4
22,248,8.2,8.7,1.9,3.5
21.9,248,8.1,8.7,2,4.2
21.8,248,8.1,8.7,2.1,4.7
21.8,248,8.1,8.7,1.9,4.6
21.8,248,8.1,8.7,1.8,3.3
21.8,248,8.2,8.7,1.7,4.2
21.9,248,8.1,8.7,1.5,3.5
22,248,8.2,8.7,1.6,2.6
22.2,249,8.2,8.7,1.6,2.7
22.2,248,8.4,8.7,1.4,2.1
22.1,248,8.4,8.7,1.4,3.5
22.1,248,8.4,8.7,1.7,2.7
22.1,248,8.4,8.7,1.8,2.6
22.2,248,8.4,8.7,1.8,3.6
22.2,248,8.4,8.7,1.8,4.6
22.2,248,8.4,8.7,2.2,3.6
22.2,248,8.4,8.7,2.2,3.3
22.2,248,8.4,8.7,1.6,5.2
22.1,249,8.3,8.7,1.6,3.4
22.1,248,8.3,8.7,1.8,5.4
22,248,8.3,8.7,1.6,4.2
22,248,8.3,8.7,1.8,4.4
21.9,248,8.2,8.7,1.5,3.8
21.9,248,8.2,8.7,1.9,5.8
21.8,248,8.2,8.7,1.9,4.6
21.8,248,8.1,8.7,1.6,10.6
21.7,248,8.1,8.7,1.4,25.6
21.7,248,8.1,8.7,1.7,4.1
21.7,248,8,8.7,1.5,12.3
21.7,248,8.2,8.7,1.6,9
21.8,248,8.2,8.7,1.4,3.8
21.9,248,8.3,8.7,2.1,5.1
22,248,8.3,8.7,1.7,4
21.9,249,8,8.7,1.8,5.1
22.2,249,8.2,8.7,2,3.4
22,248,8.2,8.7,1.6,3.5
22,249,8.2,8.7,1.9,3.6
22.2,248,8.5,8.8,1.9,4
22.4,249,8.5,8.7,1.9,4
22.7,249,8.5,8.8,1.4,2.7
22.9,249,8.5,8.7,1.5,2.6
22.8,249,8.4,8.7,2.3,4.1
22.8,249,8.4,8.7,1.3,3.9
22.8,249,8.4,8.7,2,4
22.8,249,8.4,8.7,1.4,2.5
22.8,249,8.3,8.7,1.3,5.1
22.7,249,8.4,8.7,1.5,8
22.6,249,8.3,8.7,1.6,4.6
22.6,249,8.3,8.7,1.2,2.7
22.5,249,8.3,8.7,1.4,5.6
22.4,249,8.3,8.7,1.7,8.4
22.4,249,8.2,8.7,1.4,6.6
22.3,249,8.2,8.7,1.2,4.1
22.4,249,8.4,8.7,2.6,3.5
22.5,249,8.4,8.7,1.3,2.7
22.5,249,8.5,8.8,1.4,7.6
22.7,249,8.6,8.8,2.1,3.4
22.7,249,8.7,8.8,2.1,2.6
22.8,249,8.8,8.8,1.6,3.2
23,249,8.7,8.8,1.5,2.8
22.9,249,8.6,8.7,1.5,5.8
22.6,249,8.6,8.8,1.4,3.2
23.6,249,8.8,8.8,1.3,5
23.6,249,8.8,8.8,1.3,4.6
23.5,249,8.8,8.8,1.8,4.5
23.4,249,8.8,8.8,1.9,6.6
23.4,250,8.7,8.8,1.5,4.8
23.3,250,8.7,8.8,7.6,4.5
23.2,249,8.6,8.8,1.6,3.2
23.2,249,8.7,8.8,2.1,5
23.1,249,8.7,8.8,2.2,3.9
23,249,8.6,8.8,1.9,4.2
23,249,8.6,8.8,3.3,3.1
22.9,249,8.5,8.7,2.1,4.5
22.8,249,8.5,8.7,2.1,5.1
22.7,249,8.5,8.7,2.4,4.2
22.6,249,8.5,8.7,2,5.1
22.8,249,8.6,8.8,1.2,4.5
22.8,250,8.7,8.8,1.5,5.2
23,249,8.8,8.8,1.9,6.7
23.2,249,8.9,8.8,1.2,17.8
23.1,249,9,8.8,1.8,5.7
23.2,249,9.1,8.8,2.8,4.3
23.2,249,9.3,8.8,1.7,4.2
23.5,249,9.2,8.8,2.6,3.3
23.6,249,9.2,8.8,2.4,14.3
23.8,249,9.2,8.8,3.4,4.2
23.3,249,9.3,8.8,3.5,3.4
23.4,249,9.3,8.8,1.4,6.1
23.7,250,9.1,8.8,2.4,6.2
23.6,250,9,8.8,2.6,4.4
23.6,251,8.9,8.8,1.5,7.4
23.5,250,9,8.8,2.1,2.8
23.5,250,8.9,8.8,2.3,5.8
23.4,251,8.9,8.8,2.9,3.2
23.3,250,8.9,8.8,1.8,5.8
23.2,250,8.8,8.8,3.3,6.1
23.2,250,8.7,8.8,1.8,5.9
23.1,250,8.7,8.8,3.8,5.5
23.1,250,8.8,8.8,3.7,4.5
23,250,8.8,8.8,5.2,5.8
23,250,8.9,8.8,2.3,4.6
23,250,9,8.8,2,4.3
22.8,250,8.7,8.7,2,4.4
22.6,249,8.5,8.7,2.2,5.1
22.9,249,8.7,8.7,2.5,5
23.2,249,8.8,8.8,2.6,4.5
23.1,249,8.8,8.8,2.6,6.3
23,249,8.7,8.8,2.7,6.2
22.9,249,8.7,8.7,2.9,5.8
22.8,250,8.6,8.7,3,7.6
22.5,250,8.4,8.7,2.8,8.2
22.6,250,8.5,8.7,2.4,7.9
22.4,250,8.3,8.7,3.1,8.1
22.3,249,8.2,8.7,3.8,10
22.3,249,8.1,8.7,2.5,13.8
22.2,249,8.2,8.7,3.4,8.7
22.2,249,8.1,8.7,3,7.5
22.2,250,8,8.7,3.6,22.2
22.2,250,8.1,8.7,3.6,7.9
22.1,250,8.1,8.7,2.7,10.3
22,250,8,8.7,3.5,13.4
22,250,8.1,8.7,4,12.2
22,250,8,8.7,2.3,23.9
21.9,250,8.1,8.7,3.1,11.7
22,250,8.1,8.7,3.5,9.2
22,250,8.2,8.7,3,12.8
22.1,249,8.3,8.7,3.3,7.6
22.3,249,8.4,8.7,3.3,9.1
22.6,250,8.5,8.7,2.9,5.2
22.7,250,8.5,8.7,3.2,6.9
22.8,250,8.5,8.7,2.5,7
22.2,250,8.2,8.7,6,7
22.8,250,8.6,8.8,2.7,6.4
22.4,250,8.4,8.7,4.3,13.8
22.3,250,8.4,8.7,3.2,14.2
22.2,250,8.3,8.7,3.4,11.9
22.1,250,8.2,8.7,3.2,29.4
22,250,8.2,8.7,4.1,15.9
21.9,250,8.1,8.7,3.2,13.6
21.9,250,8.1,8.7,4,15.2
21.8,250,8,8.7,3.4,14.3
21.8,250,8,8.7,3.2,25
21.7,250,8,8.7,2.8,10.9
21.6,250,8,8.7,3,15.3
21.6,250,7.9,8.7,2.5,18.2
21.6,250,7.9,8.7,3.4,10.5
21.5,250,7.9,8.7,2.7,10
21.5,250,7.9,8.7,3,11.3
21.6,250,7.9,8.7,2.5,6
21.6,250,8,8.7,2.2,13
21.8,250,8.2,8.7,2.6,11.6
22,250,8.3,8.7,2.8,8.8
22.1,250,8.7,8.8,3.8,9.1
22.5,250,8.6,8.8,2.6,7.9
22.5,250,8.7,8.8,5.2,6
22.4,249,8.9,8.8,2.6,6.2
22,249,9.2,8.8,3.6,11.1
22,249,9.3,8.8,4.3,11.5
22,250,9,8.8,3.7,9.8
21.9,250,8.8,8.8,2.5,19.8
22.1,250,8.8,8.8,3.8,13.9
22.2,250,8.8,8.8,3.2,18.9
22.1,250,8.8,8.8,4.2,41.2
22.1,250,8.8,8.8,3.7,14.2
22,250,8.7,8.8,3.1,15.4
22,250,8.7,8.7,4,14
21.9,250,8.6,8.7,5.4,17.5
21.8,250,8.6,8.7,3,14.3
21.7,250,8.6,8.7,3.1,15.1
21.7,250,8.5,8.7,2.7,21.4
21.6,250,8.4,8.7,2.6,17.4
21.6,250,8.5,8.7,3.3,10.4
21.6,250,8.6,8.7,2.2,16.5
21.7,250,8.7,8.8,2.7,8.2
21.8,250,8.8,8.8,3.2,18.9
21.9,250,9,8.8,2.6,15.1
22,250,9.1,8.8,4,11.7
22.6,250,9.2,8.8,5.1,9.5
22.3,250,9.4,8.8,4.1,7.8
22.4,250,9.6,8.8,3.6,8.6
22.3,249,9.8,8.8,5.8,8.8
22.2,250,9.4,8.8,2.7,9.8
22,250,9.3,8.8,2.7,20.6
22.2,250,9.4,8.8,5,16.4
22.4,250,9.2,8.8,3.2,13.3
22.4,250,9.2,8.8,3.2,17.3
22.3,250,9.1,8.8,3.4,13.5
22.2,250,9.1,8.8,3.9,14.2
22.1,250,9,8.8,2.9,15.3
22.1,250,8.9,8.8,3.3,17.8
22,250,8.9,8.8,3.7,13.7
21.9,250,8.9,8.8,3,16.8
21.9,250,8.8,8.8,2.8,13.5
21.8,250,8.8,8.8,3,18.2
21.7,250,8.8,8.8,2.3,12.4
21.7,250,8.8,8.8,2.6,11.3
21.8,250,8.9,8.8,2.7,8.1
21.8,250,9,8.8,3.1,11.9
21.9,250,9.2,8.8,3.2,10.5
22,249,9.4,8.8,5.8,11.7
22.5,250,9.4,8.8,4.4,6.9
22.7,250,9.5,8.8,4.2,8.8
22.9,250,9.7,8.8,3.1,13
23,250,9.9,8.8,2.3,14.4
23.2,250,9.9,8.8,4.2,8.5
23,250,10,8.8,5.4,8.6
23,250,10,8.8,3.9,11.3
23,250,9.9,8.8,3.3,11
23,250,9.8,8.8,3,15.2
22.8,250,9.8,8.8,3,10.4
22.6,250,9.7,8.8,7.3,10.9
22.5,250,9.7,8.8,3.8,15.7
22.4,250,9.7,8.8,3.4,9
22.4,250,9.6,8.8,2.8,11
22.2,250,9.5,8.8,3.1,12
22.1,250,9.4,8.8,2.8,9.4
22,250,9.4,8.8,4,11.7
21.9,250,9.3,8.8,2.8,11.8
21.9,250,9.2,8.8,3.2,12.8
21.8,250,9.3,8.8,2,6.9
21.9,250,9.5,8.8,2.4,8
22,250,9.7,8.8,2.7,7.9
22.1,249,9.8,8.9,2.6,13.5
22.3,250,10,8.9,11.3,7.4
22.7,249,10,8.9,4,15.8
22.7,249,10.6,8.9,3.5,8.4
22.7,249,10.6,8.9,4.2,10.6
22.8,248,11.1,8.9,3.5,14.1
22.5,248,11.1,9,4.7,12.6
22.7,248,11.1,8.9,2.5,10.6
22.6,248,10.8,8.9,3.5,10.2
22,249,10,8.8,3.7,15.8
21.8,248,10,8.8,4.4,13.3
21.9,248,10.2,8.9,4.3,15.1
21.9,248,10.1,8.9,6,19.1
22,249,9.8,8.8,4.8,8.5
21.9,250,9.7,8.8,5.3,6.6
22.5,250,9.8,8.9,4.9,9.4
22.6,250,9.8,8.9,3.2,7.2
22.4,250,9.7,8.9,5,8.6
22.3,250,9.7,8.9,4.4,9.1
22.3,250,9.6,8.8,4.6,11.6
22.2,250,9.5,8.8,4.4,9.7
22.1,250,9.6,8.9,3.1,5.7
22.1,250,9.8,8.9,4.5,7.8
22.1,249,9.9,8.9,4.3,7.4
22.2,250,10,8.9,4.2,8.5
22.3,249,10,8.9,3.5,6.2
22.2,249,9.6,8.8,3.1,5.4
22.4,249,9.5,8.8,3.2,6
22.7,249,9.8,8.9,3.8,7.5
22.6,248,9.8,8.9,4.3,6.3
22.4,249,9.8,8.9,4.6,8.2
22.1,248,9.6,8.8,4.6,9.4
22,249,9.5,8.8,5.3,9.4
22.1,250,9.5,8.9,3.4,13.5
21.8,249,9.3,8.9,4.2,7.9
21.8,249,9.2,8.8,4.4,7.5
21.7,251,9,8.8,8.5,13
21.7,249,9,8.8,6.4,9.4
21.6,250,9,8.8,6.7,14.8
21.6,249,9.1,8.8,3.5,12.2
21.6,251,8.9,8.8,7.1,6
21.5,251,8.7,8.8,3.2,9
21.4,251,8.7,8.8,5.9,12.4
21.4,250,8.6,8.8,3.1,15.8
21.3,251,8.6,8.8,4.8,14.2
21.3,250,8.7,8.8,5.1,9.3
21.2,249,8.7,8.8,4.2,10.3
21.2,249,8.5,8.8,4.2,5.6
21.2,250,8.5,8.8,3.7,7.6
21.3,250,8.4,8.8,4.2,6.4
21.8,250,8.8,8.8,5.3,6.2
21.6,249,8.9,8.8,3.9,6.7
21.5,251,8.6,8.8,4.7,8
21.4,251,8.7,8.8,5.4,9.2
21.5,250,8.8,8.8,5.2,10.8
21.4,249,8.8,8.8,4.6,12.4
21.4,249,8.9,8.8,5.5,10.9
21.4,250,8.9,8.8,4.6,12.6
21.2,250,8.7,8.8,6.8,12.1
21.2,251,8.6,8.8,7,13.5
21.1,251,8.6,8.8,3.2,9.8
21.1,249,8.5,8.8,3.3,17
21.1,249,8.5,8.8,5.7,12.4
21,249,8.4,8.8,4.3,7.9
21,249,8.4,8.8,4.7,13.3
20.9,250,8.3,8.8,3.9,12.7
20.9,251,8.2,8.7,4,7.5
20.8,249,8.2,8.7,7.4,17.1
20.8,251,8.2,8.7,4.3,14.6
20.8,249,8.2,8.7,5.2,19.3
20.8,250,8.3,8.8,5.5,8.8
20.8,251,8.3,8.8,4.2,7.2
20.8,251,8.4,8.8,5.6,12.6
20.9,251,8.6,8.8,3,19.9
20.9,250,8.7,8.8,4.3,10.9
21.1,251,8.7,8.8,5.7,8.8
21.3,251,8.9,8.8,4.6,8.6
21.2,249,9.1,8.8,5.6,10.3
21.3,250,9.4,8.8,6,9.8
21.3,250,9.4,8.8,5,9
21.2,251,9.5,8.8,5.3,12.8
21.1,251,9.4,8.8,5,20.5
21,249,9.4,8.8,5.7,30.1
21,251,9.3,8.8,10.3,49.8
21,252,9.2,8.8,4.6,9
20.9,251,9.1,8.8,5.1,20.2
20.9,250,9.1,8.8,4.3,10.4
20.8,250,8.9,8.8,9.6,16.3
20.8,251,8.8,8.8,3.6,8.2
20.7,251,8.7,8.8,3.3,15.1
20.6,251,8.6,8.8,3.1,18
20.6,251,8.6,8.8,4.9,15.8
20.5,251,8.6,8.8,4.3,12.7
20.5,251,8.6,8.8,3.9,9.4
20.6,252,8.7,8.8,15.4,14.1
20.6,252,8.8,8.8,7.4,16.6
20.7,251,9.1,8.8,3.5,8.2
21.1,250,9.4,8.8,3.9,9.2
21.4,250,9.7,8.9,5.8,7.5
21.2,250,9.8,8.9,6,9.7
21,250,9.3,8.8,4.4,8
20.8,250,9,8.8,3.4,10.9
20.8,251,9,8.8,3.7,12
21,251,9.7,8.9,5.2,11.7
20.9,250,9.6,8.8,4.8,17.8
20.9,251,9.6,8.8,6.8,19.4
20.9,251,9.5,8.8,4.3,11.7
20.9,251,9.4,8.8,7.2,16.8
20.9,250,9.4,8.8,5.2,20.6
20.8,250,9.4,8.8,5.5,17.4
20.8,250,9.3,8.8,6,20.4
20.8,251,9.4,8.8,5.1,19.4
20.7,251,9.2,8.8,3.8,24.9
20.7,251,9.2,8.8,3.9,16.7
20.6,251,9.1,8.8,4.7,20.1
20.6,250,9.1,8.8,6,16.5
20.6,250,9,8.8,6.1,14
20.5,250,9,8.8,5.3,12.8
20.5,251,9.1,8.8,2.6,14.3
20.6,251,9.4,8.8,3,13.2
20.7,250,9.8,8.9,8.5,17.5
20.8,250,10.1,8.9,7.2,15.5
20.7,250,10,8.9,10.5,15.1
20.7,250,9.8,8.9,6.6,11
20.6,250,9.9,8.9,5.8,21.9
21.2,249,10.3,8.9,5.2,12.5
20.9,250,10.3,8.9,4,15.7
21.2,249,10.9,9,8.4,18.2
21,249,10.8,8.9,7.1,14.9
20.7,250,10.5,8.9,10.9,30
21,250,10.4,8.9,3.1,27
21.1,250,10.5,8.9,12.6,16.8
21.2,250,10.5,9,4.1,11.5
21.3,250,10.3,8.9,4.9,20.5
21.4,250,10.2,8.9,5.8,21.7
21.3,250,10.1,8.9,6.2,16.5
21.3,250,10,8.9,4.3,18.2
21.2,251,9.9,8.9,5.3,15.5
21.1,250,9.9,8.9,6.3,19.2
21,251,9.8,8.9,5.4,12
20.9,251,9.8,8.9,8.2,12.3
20.9,250,9.9,8.9,6.1,22.2
20.9,250,10.2,8.9,8,16.1
21,250,10.5,8.9,6.2,14.4
21,250,10.8,9,4.8,17.6
21.2,250,11,9,7.4,13.8
21,249,11,9,7.7,12.6
20.9,249,11,9,6.8,9.9
21.4,249,11,9,6.3,7.4
21.6,249,11.5,9,10.1,13.7
21.4,249,11.4,9,7.6,17.8
20.7,249,10.6,8.9,3.7,17
21.1,249,11.6,9,8.1,19.5
21.4,249,11,9,6.6,20.3
21.4,249,11,9,5.4,18.5
21.4,250,10.9,9,5.3,16.7
21.5,249,10.9,9,7.7,19.4
21.4,250,10.8,9,6.3,16.5
21.4,250,10.6,9,5.9,19.8
21.3,250,10.5,8.9,6.3,17.6
21.3,250,10.4,8.9,6.8,11.6
21.2,250,10.4,8.9,4.5,14.6
21.1,250,10.3,8.9,5,19.1
21.1,250,10.2,8.9,5.8,26
21,250,10.1,8.9,3,15.3
21,250,10.2,8.9,5.1,13.8
21,250,10.4,8.9,4.4,15.2
21,250,10.6,9,3.6,10.8
21.1,250,10.6,9,4.2,16.6
21.3,249,11.2,9,3.6,21.1
21.4,249,11.6,9,9.9,16.2
21.4,249,12,9,9,13.9
21.7,248,11.3,9,7.1,11.3
21.8,249,11.6,9,4.9,9
21.9,248,12.4,9.1,6.2,13.1
20.9,249,11.4,9,8.4,13.7
21.3,248,11.9,9,3.6,13.7
21.4,248,12.2,9.1,6.2,31.1
21.9,248,12.5,9.1,5.8,22.8
21.8,248,11.9,9,8,11.6
21.9,249,11.8,9,6.6,18.9
21.8,249,11.7,9,6,24.3
21.8,249,11.5,9,6.5,12.3
21.8,249,11.5,9,7.8,19.7
21.6,249,11.3,9,7.3,16.9
21.5,249,11.1,9,7.8,16.8
21.4,249,11,9,6.6,18.8
21.4,249,10.9,9,6.2,15.6
21.2,249,11,9,8.6,17.3
21.1,249,11.1,9,6.5,17.1
21.1,249,11.2,9,7.3,18.2
21.2,249,11.6,9,6.5,10.8
21.2,248,11.8,9.1,20.4,26.6
21.3,248,12.3,9.1,8.2,14.5
21.1,248,11.7,9,7.2,14.5
21.1,248,11.8,9,7,15.2
21.1,248,11.9,9,6.2,12.4
21.6,247,12.2,9.1,10.3,13.9
22.1,247,13.3,9.2,6.6,11.9
21.2,248,12,9,6.6,24.6
21.1,248,12.4,9,7.7,15.7
21.6,248,12.5,9.1,8,39.9
22.1,248,12.3,9.1,6.8,24.1
22.3,248,12.1,9.1,6.6,20.9
22.2,249,11.8,9.1,5.5,18.6
22.2,249,11.6,9,6.1,9.4
22.2,249,11.5,9,8.3,13.7
22,249,11.5,9,10.1,13.2
22,249,11.3,9,7.9,22
21.8,249,11.5,9,7.3,18.2
21.6,249,11.4,9,8.1,19.2
21.6,249,11.3,9,6.6,21.8
21.5,249,11.1,9,4.3,14.9
21.6,249,11.2,9,3.9,20
21.5,249,11.3,9,6,14.2
21.4,249,11.4,9,5.6,18.9
21.5,248,11.9,9.1,6.7,19.4
21.5,248,12.3,9.1,8.9,18.1
21.6,248,12.5,9.1,8.6,16.3
21.9,248,12.5,9.1,7.6,15.5
22,248,12.7,9.1,8.2,13.8
22.2,248,12.8,9.1,5.6,12
22.3,248,13,9.2,6.2,12.7
21,249,11.3,9,4.5,25.4
21.3,249,11.6,9,7.3,13.2
21.1,248,11.5,9,9.2,18.6
21.1,249,11.5,9.1,9.3,27.2
21.2,249,11.6,9.1,11,21.1
21.2,249,11.6,9.1,10.4,26.9
21.1,249,11.5,9.1,14.6,24.6
21.1,249,11.3,9.1,13.7,17.9
21.1,249,11.2,9,13.1,15.1
21,249,11.1,9,10.8,29
21,249,11.2,9,8.9,19.4
21,249,11,9,7.8,19.2
20.9,249,10.7,9,7.2,18.6
20.8,249,10.3,9,7.3,16.9
20.7,250,10.2,9,7.2,15.6
20.7,250,10.2,9,8,19.7
20.7,249,10.4,9,7.3,14.2
20.7,249,10.3,9,7.4,16
20.7,250,10,9,7.7,13.8
20.7,250,10,9,7.5,16
20.7,250,10.1,9,7,17
20.8,250,10.1,9,7.2,16.1
20.8,250,10,9,7.1,17.3
20.7,250,10,9,7.8,16.9
20.7,250,10,9,7.6,17.6
20.7,250,10.1,9,6.2,22.9
20.6,250,9.9,9,8.3,33.4
20.6,250,9.9,9,8.9,18.4
20.5,250,9.8,9,8.9,17.8
20.5,250,9.6,9,8.3,25.3
20.4,250,9.4,8.9,7.9,21.2
20.4,250,9.4,8.9,5.4,15.6
20.3,250,9.3,8.9,6.3,22
20.2,250,9.3,8.9,7.3,28
20.2,250,9.2,8.9,7.2,22.6
20.2,250,9.1,8.9,6.9,33.7
20.1,250,9.1,8.9,7,23.2
20.1,250,9.1,8.9,6.8,27
20.1,250,9.1,8.9,7.6,17.5
20,250,9.2,8.9,6,17.9
20,250,9.2,8.9,7,22.4
20,250,9.2,8.9,7.8,17.2
20,250,9.2,8.9,6.9,20.3
20,250,9.4,8.9,6.9,20.3
20,250,9.5,8.9,6.6,18.8
20,250,9.5,8.9,7.8,18.8
20,250,9.4,8.9,7.3,17.3
20,250,9.3,8.9,7.8,19.4
20,250,9.3,8.9,7.1,19.7
19.9,250,9.2,8.9,7.4,22.2
19.9,250,9.2,8.9,6.6,25.9
19.9,250,9.1,8.9,9.4,18.6
19.8,251,9.1,8.9,8.9,16.6
19.8,250,9.1,8.9,7.7,25.3
19.7,251,9,8.9,7.4,17.4
19.7,251,9,8.9,7.8,34.4
19.6,250,9,8.9,6.3,21.7
19.6,250,8.9,8.9,6.8,24.6
19.6,251,8.8,8.9,6.6,21.9
19.5,250,8.7,8.9,6.6,22.9
19.5,251,8.6,8.9,6.5,32.9
19.4,251,8.5,8.9,6.7,20.5
19.4,251,8.6,8.9,3.9,9.7
19.4,250,9,8.9,7.2,24.8
19.5,250,9.1,8.9,7,19.7
19.6,250,9.1,8.9,7.2,20.7
19.8,250,9.2,8.9,7.1,17.8
20,250,9.3,8.9,6.8,12.9
19.7,251,8.9,8.9,7.8,15.8
20,250,9.3,8.9,9.3,16.9
20.2,250,9.7,9,7.5,18.4
20,250,9.9,9,5.5,19.3
19.7,250,9.6,8.9,8.9,28.3
19.8,250,9.7,9,4.9,40.6
19.9,250,9.9,9,7.4,35.4
19.7,250,9.6,9,11.8,38.8
19.7,250,9.7,9,8.2,47.2
19.7,250,9.7,9,6.3,31.7
19.7,250,9.5,9,8,20.6
19.7,250,9.6,9,7.1,33.1
19.6,251,9.4,8.9,6,19
19.6,250,9.4,8.9,8.7,27.9
19.6,251,9.3,8.9,8.2,28.8
19.6,251,9.2,8.9,6.6,16
19.6,251,9.2,8.9,9.6,28.1
19.5,251,9.1,8.9,8.6,25.9
19.5,251,9.2,8.9,7.9,21.9
19.6,250,9.5,9,6.6,52.4
19.7,250,9.9,9,4.4,28.9
20,250,10.5,9,9.2,27.1
20,250,10.8,9,13,23.5
19.9,249,11.1,9,9,21.9
20.4,250,11.7,9.1,10.2,19.8
19.7,250,10.2,9,9.4,27.8
20.4,250,10.6,9,8.5,19.7
20,249,11.1,9,10.3,28.1
20.1,249,11.2,9,9.1,25.9
20,249,11.1,9,9,37.7
20,249,10.8,9,8.4,56
19.8,249,10.8,9,10.6,27.3
19.7,250,10.6,9,7,34.1
19.7,250,10.1,9,8.5,19.7
19.6,250,10.1,9,7.6,16.5
19.7,250,10.4,9,11.1,25.2
19.8,251,9.9,9,10.7,27.3
19.9,250,9.9,9,10.4,35.9
19.8,251,9.8,9,7.8,30.5
19.7,251,9.7,9,6.8,33.5
19.7,251,9.5,9,5.1,27.9
19.6,252,9.5,8.9,9,33.6
19.6,252,9.5,8.9,8.3,32.8
19.6,251,9.5,8.9,14.1,28.3
19.5,250,9.8,9,8.3,27
19.5,250,9.9,9,9.8,23.2
19.4,250,9.8,9,8.7,27.4
19.5,250,10.2,9,8.9,26.6
19.5,250,10.4,9,10.1,30.4
19.6,249,10.7,9,10.2,27.8
19.6,250,10.4,9,9.8,26.1
19.8,249,11.3,9.1,10,38.4
19.9,249,11.5,9.1,11.1,33.3
19.6,249,11,9,10.2,27.5
19.5,249,10.8,9,9.1,34.2
19.4,249,10.6,9,11.9,41.9
19.3,250,10.2,9,10,31.6
19.1,250,9.8,9,8.5,21.1
19.1,250,9.4,9,7.1,35.1
19.1,251,9.4,8.9,8,35.7
19,250,9.3,8.9,7.3,26.2
19,251,9.1,8.9,5.8,30.7
18.9,251,9,8.9,7.1,31.8
18.9,251,8.8,8.9,6.6,25.8
18.9,251,8.8,8.9,5.3,38.1
18.8,251,8.8,8.9,7.2,23.6
18.8,251,8.8,8.9,6.4,22
18.8,251,8.9,8.9,9,28.1
18.8,251,9,8.9,5.2,28.5
18.8,250,9.1,8.9,6.9,23.7
18.9,251,9.2,8.9,6.2,19.7
19.1,250,9.5,9,8.3,12.2
19.4,250,9.6,9,6.3,17.3
19.3,250,9.6,9,6.6,14.6
19.2,250,9.7,9,7.6,19.4
19.1,250,9.8,9,10.7,31.1
19,251,9.7,9,9.9,29.8
18.9,251,9.5,8.9,7.8,37.9
18.9,251,9.6,8.9,8.8,28.1
18.8,251,9.3,8.9,6.3,31.5
18.7,251,9.2,8.9,8.5,34.2
18.7,251,9.2,8.9,7.9,20.4
18.7,251,9.2,8.9,10.5,38.8
18.6,252,9.1,8.9,4.4,20.9
18.6,251,9,8.9,7.9,22.8
18.5,251,8.9,8.9,6.3,40.5
18.5,251,8.9,8.9,7.5,42.5
18.4,251,8.9,8.9,7,35.2
18.4,251,8.8,8.9,8.1,26.4
18.3,252,8.8,8.9,8.8,30
18.3,251,8.8,8.9,8.1,24.6
18.3,251,9,8.9,8.1,27.9
18.4,252,9.3,8.9,7.9,35.3
18.4,251,9.3,8.9,9.4,25.5
18.7,251,9.8,9,8.8,30.3
18.7,250,10.1,9,9.4,48.8
18.6,250,10.3,9,11.8,25.7
18.7,250,10.7,9,9.7,31.2
18.5,250,10.8,9,9,24.4
18.4,250,10.2,9,9.4,39.6
18.4,250,10.4,9,11.4,33.8
18.4,250,10.2,9,9.8,41.1
18.3,250,10,9,9.7,44.3
18.2,250,9.6,8.9,8.5,31.4
18.2,250,9.5,8.9,9,38.4
18.1,251,9.3,8.9,6.3,33.6
18.1,251,9.3,8.9,7.4,35
18,251,9.1,8.9,5.6,24.3
18,251,9,8.9,6.8,29.3
18,251,9,8.9,7.3,35.7
17.9,251,8.9,8.9,7.7,34.5
17.9,251,8.9,8.9,8,28.1
17.9,251,8.7,8.9,7.2,21.6
17.8,251,8.6,8.9,5.9,35.3
17.8,251,8.7,8.9,7.1,32.7
17.7,251,8.7,8.9,7.3,38.4
17.7,251,8.9,8.9,7.5,56.3
17.7,251,9,8.9,8.3,30.2
17.7,251,9.1,8.9,8.5,31.4
17.8,250,9.2,8.9,7.5,29.4
17.8,250,9.3,8.9,7.4,28
17.8,250,9.3,8.9,8.3,27.3
17.8,250,9.4,8.9,8.1,28.2
17.8,250,9.4,8.9,7.7,30.5
17.7,250,9.5,8.9,8.3,29.8
17.7,250,9.3,8.9,8.5,32.3
17.6,250,9.2,8.9,8.2,59.1
17.5,250,9.1,8.9,8.5,57.8
17.5,250,9.2,8.9,7.7,37.8
17.5,250,9.1,8.9,8.2,42
17.4,250,9.2,8.9,8.9,28.8
17.4,251,9.1,8.9,7.7,67.2
17.4,250,9,8.9,8.2,47.7
17.3,251,9,8.9,7.7,31.6
17.3,251,9,8.9,8.3,21.9
17.3,251,8.8,8.9,7.8,32.6
17.2,251,8.7,8.9,8.2,33.4
17.2,251,8.6,8.9,8.5,76.1
17.2,251,8.7,8.9,11,72.6
17.2,250,8.9,8.9,7.8,32.9
17.2,250,9.2,8.9,8.8,33.2
17.4,250,9.7,9,7.7,32.8
17.6,250,10,9,9.7,32.8
17.7,249,10.2,9,9.2,36.6
17.4,250,9.8,8.9,7,37.1
17.7,249,10.5,9,7.9,36.6
17.3,250,9.5,8.9,6.2,52.5
17.4,250,10.2,9,10.7,45.7
17.6,249,10.6,9,7.1,40.6
17.4,250,10.1,9,7.7,47.6
17.4,250,9.9,8.9,8.3,54.4
17.3,250,9.8,8.9,11.2,43
17.3,250,9.6,8.9,9.7,47.7
17.2,251,9.3,8.9,9.7,54.4
17.2,251,9.3,8.9,8.9,74.8
17.2,251,9.2,8.9,8.6,59.5
17.1,251,9.1,8.9,4.3,35.3
17.1,252,9,8.9,8.3,30
17,251,9,8.9,5.9,57.5
17,252,9,8.9,9.3,22
17,252,9,8.9,10.8,28.4
17,251,9,8.9,10,71.8
16.9,251,9.1,8.9,8.2,25.1
17,251,9.2,8.9,7.9,25.7
17.1,250,9.6,8.9,10.4,36.8
17.3,250,10,8.9,9.3,34.6
17.4,250,10.2,9,7.3,28.5
17.7,250,10.3,9,8.4,24.8
17.5,249,11.2,9,10,34.6
17.3,249,11.2,9,9,29.2
17.3,248,11.8,9,13.2,44.1
17.3,248,11.9,9.1,12,54.5
18.3,249,11.9,9.1,26.6,42.2
17.6,249,11.5,9,8.3,50.8
17.7,250,11,9,10.6,60.9
17.7,250,10.8,9,13.4,36.3
17.8,250,10.8,9,10.9,39.4
17.8,250,10.9,9,11.1,115
17.9,250,10.8,9,10.9,48.4
17.8,250,10.6,9,10.8,47.7
17.8,250,10.5,9,9.9,32.4
17.7,251,10.4,9,8.2,35.6
17.6,250,10.4,9,8.8,55
17.6,250,10.3,9,10.6,28.4
17.5,251,10.3,9,9.2,43.8
17.4,251,10.2,9,7.8,97
17.4,250,10.4,9,11.3,43.4
17.5,250,10.8,9,8.7,40.3
17.5,250,11.3,9,10.2,49.9
17.6,250,11.5,9.1,12.1,95.8
17.5,249,11.5,9,10.1,52.5
17.3,250,10.7,9,8.5,31.9
18.3,248,12.7,9.1,15,41.4
18.1,249,11.9,9,11.1,38.9
18.2,249,11.8,9,9.8,39.2
17.5,249,11.8,9,8.3,38.1
17.8,248,12.4,9.1,9,67.9
18.7,248,13.2,9.2,9.4,40.5
18.4,248,13,9.1,29.4,62.8
18.7,249,12.6,9.1,15.7,37.8
18.7,249,12.6,9.1,13,42.3
18.7,249,12.5,9.1,12,62.4
18.6,249,12.3,9.1,11.4,62.1
18.5,249,12.2,9.1,15.5,40
18.5,249,12.2,9.1,9,29.3
18.4,249,12,9.1,20.8,45.9
18.4,249,11.9,9.1,13.1,30.7
18.3,249,11.8,9.1,13.9,48.1
18.2,250,11.7,9.1,9.6,39
18.1,250,11.6,9,10,56.7
18,249,11.9,9.1,15.8,46.1
18.1,249,12.4,9.1,6.1,63.1
18.2,248,13.4,9.2,17,48.5
18.2,248,13.3,9.2,43.7,54
18.3,248,13.5,9.2,12.3,48
18.1,248,12.7,9.1,11.6,45.1
17.8,249,12.1,9,3.9,35.4
18.2,246,15.6,9.3,17.6,29.5
18.4,244,17,9.3,14.9,40.8
20.1,245,16.2,9.4,19.3,40.8
19.2,246,16,9.3,11,64.3
19.2,246,15.5,9.3,10.5,59.7
19,246,14.9,9.2,10.7,56.6
19,246,15.1,9.2,14.9,37.9
19.3,247,14.4,9.2,14.9,36.3
19.4,247,14.2,9.2,13.9,40.5
19.3,247,14.2,9.2,8,41.4
19.3,247,14,9.2,13.5,47.6
19.2,247,13.8,9.2,6.5,32.4
19.1,247,13.8,9.2,16.7,41.1
19,247,13.7,9.2,38.4,31.5
18.9,247,13.5,9.2,15.6,37.1
18.7,247,13.5,9.2,13.5,45.2
18.6,247,13.4,9.2,29.2,43.5
18.6,247,13.4,9.2,11.7,40.3
18.6,247,13.7,9.2,19.2,61.5
18.6,246,14.5,9.2,20.4,39.9
18.6,246,15,9.3,29.5,73.3
18.8,245,16.2,9.4,36.5,65.4
18.4,246,14.1,9.2,10.4,47
18.5,246,14.6,9.3,7.9,40.4
19.7,244,17.5,9.4,17.7,42.3
19.8,246,15,9.3,14.2,49.2
20,244,16.9,9.4,13.4,69.6
20,245,16.3,9.3,13.8,50.6
20.3,245,15.8,9.4,7.6,40.8
20,245,16.2,9.3,15.7,98.7
20.1,243,15.9,9.4,16.8,35
20.1,244,15.6,9.4,15.5,39.7
20.1,242,15.4,9.4,14.6,49.5
19.9,244,15.2,9.3,19.8,44.1
19.7,244,14.9,9.3,12.2,36.4
19.5,244,14.6,9.3,18,40.4
19.3,243,14.2,9.3,15,46.4
19,245,13.7,9.3,15.8,40.9
18.8,246,13.4,9.2,13.7,40.6
18.9,245,13.7,9.3,7.7,57.1
18.7,245,13.2,9.3,15.5,51
18.6,245,13.2,9.3,11.3,49.2
18.7,243,13.8,9.3,17.4,39.2
18.8,243,14.8,9.3,34.5,59.4
19.1,243,15.7,9.4,15.6,75.8
19.3,242,16.7,9.4,28.1,60.8
18.9,242,15.1,9.3,29.4,37.6
18.7,244,14,9.3,9.8,38.1
19.3,239,17.4,9.4,14.2,38.4
20.6,241,18.5,9.5,12.9,41.6
21.1,242,18.1,9.5,16.8,63
20.8,242,18.3,9.5,32.2,61.5
21.2,241,17.2,9.4,11.5,46.2
21.1,241,17,9.5,9.2,44.9
20.7,236,17,9.4,15.4,51.7
20.8,238,16.3,9.4,35.7,45.9
20.7,241,15.9,9.4,17.7,52.2
20.5,237,15.8,9.4,15.5,32.2
20.4,235,15.5,9.4,10.5,30.9
20.2,235,15.2,9.4,15.9,42.2
20.1,235,15.1,9.4,15.3,59.6
20,235,14.9,9.4,24.8,45.7
19.9,236,14.8,9.4,14,43.3
19.7,236,14.6,9.4,12.6,33.8
19.6,235,14.4,9.3,28.9,39.6
19.5,234,14.5,9.3,12.6,48.3
19.5,234,14.8,9.4,15.9,38.9
19.5,234,15.2,9.4,28.2,78.2
19.5,236,15.8,9.4,18.7,62.9
19.5,236,16.3,9.4,37.8,52.4
19.3,239,15.4,9.3,16.3,34.4
20.3,236,16,9.4,13,31.3
19.3,240,13.6,9.2,8.5,36
19.6,238,15,9.4,20,33.6
19.8,235,16.2,9.4,12.6,55.7
19.7,237,15.9,9.4,16.5,41.1
20.3,235,16.2,9.4,15.2,31.6
20.3,232,16.7,9.4,16.4,34.4
20.4,231,16.8,9.4,16,36.8
20.7,228,16.9,9.4,15.6,31.8
20.5,227,16.7,9.4,13.4,26.8
20.4,231,16.6,9.4,19.3,35.1
20.3,228,16.2,9.4,36.7,30
20.2,225,16,9.4,30,31.6
20,227,15.8,9.4,15.1,31.8
19.9,226,15.5,9.4,25.9,27
19.8,225,15.3,9.3,18.8,23.8
19.7,228,15.1,9.3,25.6,30.8
19.6,228,14.9,9.3,16.8,42.9
19.5,229,14.9,9.3,20.2,34.6
19.4,230,15.2,9.4,12.2,38.4
19.4,232,15,9.4,29.4,33.3
18.9,240,12.5,9.2,13.2,22.5
18.4,244,11.1,9.1,9.8,20.2
18.6,245,10.8,9,9.5,19
19.2,241,12.4,9.2,12.5,25.3
19.5,240,12.8,9.2,13.9,29.3
19,241,12,9.2,13.8,25.1
19.2,240,12.3,9.2,14.7,19.8
19,240,12.1,9.2,13.8,24.1
18.9,240,11.7,9.2,13.2,36.8
18.8,240,11.4,9.2,10.4,36.7
18.6,239,11.4,9.2,12,18.3
18.6,238,11.5,9.2,14.1,36.7
18.7,237,11.7,9.2,16.2,34.8
18.7,234,11.6,9.2,13.9,20.7
18.6,237,11.5,9.2,14.9,25
18.5,236,11.4,9.2,15.9,32.4
18.4,237,11.3,9.2,14.5,32.4
18.4,236,11.2,9.2,11.7,45.7
18.3,234,11,9.2,13.3,33.1
18.2,236,10.8,9.2,14.9,29.6
18.1,237,10.8,9.2,9.1,27.8
18,237,10.7,9.2,35.3,20.8
18,236,10.8,9.2,11.6,34.5
18,236,11.4,9.2,13.4,32.7
18,237,11.4,9.2,12.6,38.1
18.1,237,11.5,9.2,15.2,31.9
18.2,237,11.8,9.2,9.6,29.1
18.3,239,11.9,9.2,14.6,30.2
18.4,236,12.8,9.3,16.5,39.1
18.1,235,12.8,9.3,12.4,33.2
18,236,12.3,9.2,13.6,44.1
17.9,237,12.4,9.2,12,21.2
17.9,236,13,9.3,19.4,34
17.8,238,12.5,9.2,13.8,37.5
17.8,240,11.4,9.2,12.7,30.4
17.7,239,11.1,9.2,14.3,24.7
17.6,242,10.9,9.1,13.6,30.5
17.5,243,10.2,9.1,12.6,28.1
17.4,244,10,9.1,12,15.4
17.4,243,9.6,9,9.1,39.4
17.3,244,9.9,9.1,11.1,29.4
17.2,244,9.7,9.1,10.8,39.1
17.2,243,9.7,9.1,10.3,35.5
17.1,242,9.8,9.1,13.6,22.7
17.1,242,9.6,9.1,10.9,18.3
17,243,9.6,9.1,11.6,26.6
17,242,9.6,9,11,35.3
17.1,243,9.8,9,10.4,23.1
17.1,243,9.8,9.1,12.4,26.3
17.1,242,10,9.1,11.6,27.2
17.1,243,10.2,9.1,11,27.7
17.1,242,10.4,9.1,11.5,30.1
17.1,241,10.6,9.1,11.4,35.1
17.1,241,10.7,9.1,13.3,25.4
17,241,10.6,9.1,11.2,22.4
17,241,10.1,9.1,9.4,24.3
17,241,10,9.1,12.4,18.6
17,241,9.7,9.1,13,19.5
17,241,9.5,9.1,12,21.6
16.9,241,9.5,9.1,9.3,18.6
16.9,242,9.1,9,13,19.7
16.8,242,8.9,9,12.2,20.1
16.8,242,9,9,11,22.9
16.8,242,9,9,10,18.5
16.7,242,8.9,9,9.6,20.9
16.7,242,9,9,12.4,28.8
16.6,242,9,9,12.5,30.4
16.6,242,8.9,9,10.3,19.1
16.6,242,8.8,9,15.1,22.1
16.6,242,8.8,9,12.9,28.3
16.6,242,9,9,9.9,27.1
16.6,242,9.2,9,12.1,18.2
16.7,242,9.3,9,16.4,37.6
16.8,241,9.7,9.1,23.6,22.2
17,241,10.4,9.1,14.4,29.3
16.9,241,10.5,9.1,20.9,31.7
16.7,240,10.5,9.1,14.2,23.6
16.7,240,10.4,9.1,20.4,36.4
16.9,240,11.7,9.2,14.8,29.8
17.6,241,12,9.2,14.1,32.4
17.4,239,11.9,9.2,18.2,33.7
17.2,239,11.7,9.2,11,32.4
17.2,239,11.7,9.2,15.5,28.3
17.1,241,11.7,9.2,14.8,37.9
16.9,240,11.3,9.2,14.6,34.8
16.8,240,10.8,9.1,14.7,26.6
16.8,242,10.8,9.1,13.4,33.6
16.8,241,10.6,9.1,13.5,17.3
16.8,242,10.5,9.1,15.7,34
16.7,242,10.4,9.1,15.1,23.1
16.7,242,10.2,9.1,15.4,34.3
16.7,242,10,9.1,14.4,37.3
16.6,242,9.6,9,15.9,29.8
16.6,242,9.5,9,15.3,34.9
16.6,242,9.6,9,15.2,29.8
16.6,242,9.8,9.1,15.3,18
16.6,242,10,9.1,15.4,31.2
16.6,242,10.1,9.1,14.5,32.8
16.6,242,10,9.1,15.2,31.6
16.6,242,10,9.1,15.3,25.3
16.7,242,9.9,9.1,14.2,24
16.5,243,9.5,9,14.9,26.5
16.6,242,9.7,9,14.8,26
16.5,242,9.7,9,14.2,24.5
16.5,242,9.7,9.1,14,46.2
16.5,242,9.7,9,13.7,30.4
16.5,243,9.5,9,13.4,37.2
16.5,243,9.3,9,10.4,24
16.4,242,9.2,9,9.3,23.4
16.4,243,9.3,9,13,28.3
16.4,243,9.2,9,12.4,26.6
16.3,243,9.2,9,12.1,28.2
16.3,244,9,9,10.6,28.1
16.3,244,9,9,12.7,30.6
16.2,244,9,9,10.9,30.1
16.2,244,8.8,9,10.6,57.4
16.2,244,8.8,9,11.3,28.2
16.1,244,8.9,9,11.4,64
16.2,243,9.1,9,9.7,29.3
16.2,243,9.2,9,9.3,24.5
16.2,243,9.5,9,11.7,21.5
16.8,243,10,9,12,34.4
17.4,242,10.3,9.1,12.1,17.9
17.4,242,11,9.1,11.9,36.5
17.6,242,10.9,9.1,14.7,35.4
16.3,242,10.8,9.1,10,33
16.3,243,9.7,9,13.8,28.1
16.2,243,9.3,9,11.7,27.2
16.3,243,9.6,9,15.3,33.4
16.9,243,10.1,9.1,14.4,35.9
17.3,243,10.5,9.1,13.9,34.7
17.3,243,10.3,9.1,13.8,25.8
17.2,243,10.1,9,14.4,37.7
17.2,244,10,9,13.2,24.6
17.1,243,9.9,9,16.7,22.3
17,244,9.8,9,13.6,36.7
17,244,9.7,9,12.6,21.6
16.9,244,9.7,9,14.4,25.8
16.8,244,9.6,9,11.9,19.1
16.7,244,9.5,9,23,40.3
16.6,244,9.5,9,11.2,30.8
16.6,244,9.6,9,12.9,30.2
16.6,243,10.2,9.1,13.3,26.6
16.7,243,10.5,9.1,15.4,30.6
16.7,242,10.8,9.1,12,25.7
17,241,12,9.2,12.1,47.7
16.6,242,11.1,9.1,30.8,34
17.7,241,12.8,9.2,22.8,27
17.7,242,11.9,9.1,16.2,18.4
17.2,243,10.8,9.1,9.8,17.4
16.7,243,10.3,9,12.2,22.7
16.8,241,11.5,9.1,13.4,17
16.6,242,10.2,9.1,11.7,20.4
17.1,241,11.1,9.1,10.7,24.9
17.7,242,11.4,9.1,14.6,35.5
17.6,241,11.6,9.1,15.4,47.8
17.6,242,11.5,9.1,17.2,32.2
17.6,242,11.2,9.1,18.5,41.6
17.5,242,11,9.1,13.4,22.7
17.4,242,10.9,9.1,10.7,31.2
17.3,243,10.8,9.1,14.4,26.5
17.3,243,10.8,9.1,12.9,34
17.3,243,10.7,9.1,10.4,38.5
17.2,243,10.6,9.1,14.7,52.8
17.1,243,10.5,9.1,14.6,34.1
17.1,243,10.6,9.1,24,25.8
17.2,242,11.3,9.1,15.5,35.1
17.4,242,11.4,9.1,14.8,28.9
17.2,242,11.2,9.1,18.1,32.7
17.5,243,11.5,9.1,12.3,27.8
17.2,242,11.2,9.1,13.8,24.5
16.9,244,10,9,10.6,14.8
16.8,244,9.2,9,7.6,12.1
17.3,243,10.4,9.1,11.8,18.8
17.2,243,10.5,9.1,12.3,24.5
17.4,243,10.8,9.1,13.1,27.7
17.7,243,11,9.1,11.4,30.1
17.3,242,10.5,9.1,13,38
17.3,242,10.6,9.1,26.9,21.3
17.3,243,10.5,9.1,13.1,19.6
17.2,243,10.3,9.1,12.7,18
